Date,Team,Opp,BO,Pos,PA,H,2B,3B,HR,R,RBI,SB,CS
8/26/2026,LAD,@ATL,1,DH,5,2,1,0,0,1,0,1,0
8/25/2026,LAD,@ATL,1,DH,5,1,0,1,0,0,0,0,0
8/23/2026,LAD,PIT,1,DH,4,0,0,0,0,1,0,1,0
8/22/2026,LAD,PIT,1,DH,5,0,0,0,0,0,0,0,0
8/21/2026,LAD,PIT,1,DH,5,1,0,0,0,2,0,1,0
8/19/2026,LAD,@COL,1,DH,5,0,0,0,0,0,0,0,0
8/18/2026,LAD,@COL,1,DH,5,1,0,0,1,1,2,0,0
8/17/2026,LAD,@COL,1,DH,5,4,0,0,2,4,3,0,0
8/16/2026,LAD,MIL,1,DH,4,1,0,0,0,0,0,0,0
8/15/2026,LAD,MIL,1,DH,4,1,0,1,0,0,1,0,0
8/14/2026,LAD,MIL,1,DH,4,0,0,0,0,0,0,0,0
8/13/2026,LAD,MIL,1,DH,4,1,1,0,0,0,0,0,0
8/12/2026,LAD,KCR,1,DH,4,2,0,0,1,1,2,0,0
8/11/2026,LAD,KCR,1,DH,5,0,0,0,0,1,0,0,0
8/10/2026,LAD,KCR,1,DH,4,2,1,0,0,2,1,1,0
8/9/2026,LAD,@ARI,1,DH,4,0,0,0,0,0,0,0,0
8/8/2026,LAD,@ARI,1,DH,5,1,0,0,0,0,1,0,0
8/7/2026,LAD,@ARI,1,DH,4,0,0,0,0,0,0,0,1
8/5/2026,LAD,@CHC,1,DH,5,3,0,0,2,2,3,0,0
8/4/2026,LAD,@CHC,1,DH,4,1,0,0,0,0,0,0,0
8/3/2026,LAD,@CHC,1,DH,4,2,0,0,0,1,0,0,0
8/2/2026,LAD,BOS,1,DH,5,1,0,0,0,0,0,0,0
8/1/2026,LAD,BOS,1,DH,4,1,0,0,0,0,0,0,0
7/31/2026,LAD,BOS,1,DH,5,2,1,0,1,2,2,0,0
7/29/2026,LAD,SEA,1,DH,4,2,1,0,0,1,1,0,0
7/28/2026,LAD,SEA,1,DH,5,3,1,0,1,1,3,0,0
7/26/2026,LAD,@NYM,1,DH,4,1,1,0,0,0,0,0,0
7/25/2026,LAD,@NYM,1,DH,5,0,0,0,0,0,0,0,0
7/24/2026,LAD,@NYM,1,DH,5,2,1,0,0,0,1,0,0
7/22/2026,LAD,@PHI,1,DH,5,0,0,0,0,0,0,0,0
7/21/2026,LAD,@PHI,1,DH,4,1,0,0,0,0,0,0,0
7/20/2026,LAD,@PHI,1,DH,5,0,0,0,0,0,0,0,0
7/19/2026,LAD,@NYY,1,DH,4,1,0,0,0,0,0,0,0
7/19/2026,LAD,@NYY,1,DH,5,2,1,0,0,1,2,0,0
7/17/2026,LAD,@NYY,1,DH,4,0,0,0,0,0,0,0,0
7/12/2026,LAD,ARI,1,DH,4,2,1,0,1,2,1,0,0
7/11/2026,LAD,ARI,1,DH,3,1,0,0,0,0,0,0,0
7/10/2026,LAD,ARI,1,DH,4,1,0,0,1,1,1,0,0
7/8/2026,LAD,COL,1,DH,4,0,0,0,0,0,0,0,0
7/7/2026,LAD,COL,1,DH,5,1,0,0,1,1,1,0,0
7/6/2026,LAD,COL,1,DH,5,3,0,0,1,1,4,0,0
7/5/2026,LAD,SDP,1,DH,4,1,0,0,0,0,1,0,0
7/3/2026,LAD,SDP,1,DH-P,3,0,0,0,0,0,0,0,0
7/2/2026,LAD,SDP,1,DH,5,1,0,0,0,0,0,0,0
7/1/2026,LAD,@ATH,1,DH,5,0,0,0,0,0,0,0,0
6/30/2026,LAD,@ATH,1,DH,5,1,0,0,0,0,0,0,0
6/29/2026,LAD,@ATH,1,DH,5,2,0,0,1,1,3,0,0
6/28/2026,LAD,@SDP,1,DH,5,1,0,0,0,1,1,0,0
6/27/2026,LAD,@SDP,1,DH,5,2,0,0,0,2,0,0,0
6/26/2026,LAD,@SDP,1,DH,4,1,0,0,0,0,0,0,0
6/24/2026,LAD,@MIN,1,DH-P,5,2,0,0,0,1,1,0,0
6/23/2026,LAD,@MIN,1,DH,5,0,0,0,0,1,1,0,0
6/22/2026,LAD,@MIN,1,DH,5,1,0,0,1,1,1,0,0
6/21/2026,LAD,BAL,1,DH,3,1,0,0,0,1,0,0,0
6/20/2026,LAD,BAL,1,DH,4,1,0,0,1,1,1,0,0
6/17/2026,LAD,TBR,5,P,1,0,0,0,0,0,0,0,0
6/16/2026,LAD,TBR,1,DH,4,1,0,0,1,1,1,0,0
6/15/2026,LAD,TBR,1,DH,4,0,0,0,0,0,0,0,0
6/14/2026,LAD,@CHW,1,DH,5,0,0,0,0,0,0,0,0
6/13/2026,LAD,@CHW,1,DH,6,1,0,0,1,2,1,0,0
6/11/2026,LAD,@PIT,1,DH,4,2,0,0,1,2,1,0,0
6/10/2026,LAD,@PIT,1,DH-P,5,1,0,0,1,1,2,0,0
6/9/2026,LAD,@PIT,1,DH,5,1,1,0,0,1,2,0,0
6/7/2026,LAD,LAA,1,DH,5,2,0,0,0,1,0,0,0
6/6/2026,LAD,LAA,1,DH,5,2,0,0,1,2,2,0,0
6/5/2026,LAD,LAA,1,DH,4,0,0,0,0,0,0,0,0
6/3/2026,LAD,@ARI,1,DH-P,6,3,0,0,0,1,0,0,0
6/2/2026,LAD,@ARI,1,DH,5,2,1,1,0,2,2,0,0
6/1/2026,LAD,@ARI,1,DH,4,3,1,0,0,1,0,0,0
5/31/2026,LAD,PHI,1,DH,5,2,0,0,0,0,0,0,0
5/30/2026,LAD,PHI,1,DH,5,1,0,0,0,0,0,0,0
5/29/2026,LAD,PHI,1,DH,4,3,0,0,1,1,1,0,0
5/27/2026,LAD,COL,1,DH-P,4,1,0,0,1,1,1,0,0
5/26/2026,LAD,COL,1,DH,3,0,0,0,0,1,0,0,0
5/25/2026,LAD,COL,1,DH,4,1,1,0,0,1,1,0,0
5/24/2026,LAD,@MIL,1,DH,5,0,0,0,0,0,0,0,0
5/23/2026,LAD,@MIL,1,DH,6,2,0,0,0,0,1,0,0
5/22/2026,LAD,@MIL,1,DH,5,1,0,0,0,0,1,0,1
5/20/2026,LAD,@SDP,1,DH-P,5,1,0,0,1,2,1,0,0
5/19/2026,LAD,@SDP,1,DH,4,2,2,0,0,1,1,0,0
5/18/2026,LAD,@SDP,1,DH,4,2,0,0,0,0,0,0,1
5/17/2026,LAD,@LAA,1,DH,5,3,0,0,0,1,2,0,0
5/16/2026,LAD,@LAA,1,DH,6,2,1,1,0,2,5,1,0
5/15/2026,LAD,@LAA,1,DH,5,1,1,0,0,0,0,0,0
5/13/2026,LAD,SFG,0,P,0,0,0,0,0,0,0,0,0
5/12/2026,LAD,SFG,1,DH,5,2,0,0,1,2,1,0,0
5/11/2026,LAD,SFG,1,DH,5,0,0,0,0,0,0,0,0
5/10/2026,LAD,ATL,1,DH,4,0,0,0,0,0,0,0,0
5/9/2026,LAD,ATL,1,DH,4,1,0,0,0,0,0,0,0
5/8/2026,LAD,ATL,1,DH,4,1,0,0,0,0,1,0,0
5/6/2026,LAD,@HOU,1,DH,5,2,1,0,0,2,1,1,0
5/5/2026,LAD,@HOU,0,P,0,0,0,0,0,0,0,0,0
5/4/2026,LAD,@HOU,1,DH,5,0,0,0,0,2,1,0,0
5/3/2026,LAD,@STL,1,DH,5,0,0,0,0,0,0,0,0
5/2/2026,LAD,@STL,1,DH,4,0,0,0,0,0,0,0,0
5/1/2026,LAD,@STL,1,DH,5,0,0,0,0,0,0,0,0
4/29/2026,LAD,MIA,1,DH,5,0,0,0,0,0,0,1,0
4/28/2026,LAD,MIA,0,P,0,0,0,0,0,0,0,0,0
4/27/2026,LAD,MIA,1,DH,5,3,1,0,0,2,1,0,0
4/26/2026,LAD,CHC,1,DH,4,3,1,0,1,2,1,1,0
4/25/2026,LAD,CHC,1,DH,5,1,0,0,0,2,0,1,0
4/24/2026,LAD,CHC,1,DH,4,0,0,0,0,0,0,0,0
4/23/2026,LAD,@SFG,1,DH,5,0,0,0,0,0,0,0,0
4/22/2026,LAD,@SFG,1,DH-P,4,0,0,0,0,0,0,0,0
4/21/2026,LAD,@SFG,1,DH,4,1,0,0,0,0,0,0,0
4/20/2026,LAD,@COL,1,DH,6,1,0,0,0,2,0,1,0
4/19/2026,LAD,@COL,1,DH,5,2,2,0,0,1,1,0,0
4/18/2026,LAD,@COL,1,DH,5,1,0,0,0,1,0,0,0
4/17/2026,LAD,@COL,1,DH,5,2,1,0,0,1,0,0,0
4/15/2026,LAD,NYM,0,P,0,0,0,0,0,0,0,0,0
4/14/2026,LAD,NYM,1,DH,4,0,0,0,0,0,0,0,0
4/13/2026,LAD,NYM,1,DH,5,0,0,0,0,1,0,0,0
4/12/2026,LAD,TEX,1,DH,5,1,0,0,1,1,1,0,0
4/11/2026,LAD,TEX,1,DH,4,2,0,0,1,1,1,0,0
4/10/2026,LAD,TEX,1,DH,5,1,0,0,0,0,0,0,0
4/8/2026,LAD,@TOR,1,DH-P,5,0,0,0,0,0,0,0,0
4/7/2026,LAD,@TOR,1,DH,5,1,0,0,0,0,1,0,0
4/6/2026,LAD,@TOR,1,DH,6,2,0,0,1,2,1,0,0
4/5/2026,LAD,@WSN,1,DH,5,2,1,0,1,1,2,0,0
4/4/2026,LAD,@WSN,1,DH,6,2,0,0,0,1,0,0,0
4/3/2026,LAD,@WSN,1,DH,6,2,0,0,1,1,4,0,0
4/1/2026,LAD,CLE,1,DH,4,0,0,0,0,0,0,0,0
3/31/2026,LAD,CLE,1,DH-P,5,1,0,0,0,0,0,0,0
3/30/2026,LAD,CLE,1,DH,4,1,0,0,0,0,0,0,0
3/28/2026,LAD,ARI,1,DH,4,0,0,0,0,0,0,0,0
3/27/2026,LAD,ARI,1,DH,4,0,0,0,0,1,0,0,0
3/26/2026,LAD,ARI,1,DH,5,1,0,0,0,1,0,0,0
9/28/2025,LAD,@SEA,1,DH,5,3,1,0,1,2,1,0,0
9/26/2025,LAD,@SEA,1,DH,4,0,0,0,0,0,0,1,0
9/25/2025,LAD,@ARI,1,DH,5,1,0,0,1,1,2,0,0
9/24/2025,LAD,@ARI,1,DH,5,1,0,1,0,1,0,0,0
9/23/2025,LAD,@ARI,1,DH-P,4,0,0,0,0,1,0,0,0
9/21/2025,LAD,SFG,1,DH,4,1,0,0,0,0,0,0,0
9/20/2025,LAD,SFG,1,DH,5,1,0,0,1,2,1,0,0
9/19/2025,LAD,SFG,1,DH,4,1,0,0,1,1,3,0,0
9/18/2025,LAD,SFG,1,DH,4,2,2,0,0,1,0,0,0
9/17/2025,LAD,PHI,1,DH,4,1,0,0,1,1,1,0,0
9/16/2025,LAD,PHI,1,DH-P,5,2,0,0,1,1,1,0,0
9/15/2025,LAD,PHI,1,DH,5,1,1,0,0,0,0,1,0
9/14/2025,LAD,@SFG,1,DH,6,1,0,0,0,1,0,0,0
9/13/2025,LAD,@SFG,1,DH,6,3,0,0,1,3,1,0,0
9/12/2025,LAD,@SFG,1,DH,5,0,0,0,0,0,0,0,0
9/10/2025,LAD,COL,1,DH,5,1,0,0,0,2,1,0,0
9/9/2025,LAD,COL,1,DH,4,1,0,0,0,1,1,1,0
9/8/2025,LAD,COL,1,DH,4,1,1,0,0,1,0,0,0
9/7/2025,LAD,@BAL,1,DH,5,2,0,0,2,2,2,0,0
9/6/2025,LAD,@BAL,1,DH,5,1,0,0,0,0,1,0,0
9/5/2025,LAD,@BAL,1,DH-P,4,0,0,0,0,0,0,0,0
9/4/2025,LAD,@PIT,1,DH,4,0,0,0,0,0,0,0,0
9/3/2025,LAD,@PIT,1,DH,5,2,1,0,0,0,0,0,0
9/2/2025,LAD,@PIT,1,DH,5,3,2,0,1,1,2,0,0
8/31/2025,LAD,ARI,1,DH,4,1,0,0,0,1,0,0,0
8/30/2025,LAD,ARI,1,DH,4,0,0,0,0,0,0,0,0
8/29/2025,LAD,ARI,1,DH,4,1,0,0,0,0,0,0,0
8/27/2025,LAD,CIN,1,DH-P,5,1,0,0,0,1,0,0,0
8/26/2025,LAD,CIN,1,DH,5,1,0,0,0,0,1,0,0
8/25/2025,LAD,CIN,1,DH,4,0,0,0,0,0,0,0,0
8/24/2025,LAD,@SDP,1,DH,5,1,0,0,1,2,1,0,0
8/23/2025,LAD,@SDP,1,DH,4,0,0,0,0,0,0,0,0
8/22/2025,LAD,@SDP,1,DH,4,0,0,0,0,0,0,0,0
8/20/2025,LAD,@COL,1,DH-P,3,1,1,0,0,0,0,0,0
8/19/2025,LAD,@COL,1,DH,6,1,0,0,1,2,2,0,0
8/18/2025,LAD,@COL,1,DH,4,2,0,0,0,0,1,0,0
8/17/2025,LAD,SDP,1,DH,4,1,0,0,0,1,0,0,0
8/16/2025,LAD,SDP,1,DH,4,1,0,0,0,2,0,0,0
8/15/2025,LAD,SDP,1,DH,4,0,0,0,0,0,1,0,1
8/13/2025,LAD,@LAA,1,DH-P,5,1,0,1,0,1,0,0,0
8/12/2025,LAD,@LAA,1,DH,5,1,0,0,1,2,1,0,0
8/11/2025,LAD,@LAA,1,DH,4,1,0,0,1,1,1,0,0
8/10/2025,LAD,TOR,1,DH,6,2,0,0,1,1,1,1,1
8/9/2025,LAD,TOR,1,DH,5,2,0,0,1,2,1,0,0
8/8/2025,LAD,TOR,1,DH,5,3,1,0,0,2,0,0,0
8/6/2025,LAD,STL,1,DH-P,4,1,0,0,1,1,2,0,0
8/5/2025,LAD,STL,1,DH,5,2,1,0,0,3,0,1,0
8/4/2025,LAD,STL,1,DH,4,1,0,0,0,0,0,0,0
8/3/2025,LAD,@TBR,1,DH,5,2,1,0,0,1,0,2,0
8/2/2025,LAD,@TBR,2,DH,4,1,0,0,0,0,0,0,0
8/1/2025,LAD,@TBR,2,DH,5,2,0,0,0,1,0,0,0
7/30/2025,LAD,@CIN,2,DH-P,5,0,0,0,0,0,0,0,0
7/29/2025,LAD,@CIN,2,DH,5,0,0,0,0,0,0,0,0
7/28/2025,LAD,@CIN,2,DH,5,1,1,0,0,1,2,0,0
7/27/2025,LAD,@BOS,2,DH,5,2,0,0,0,0,0,0,0
7/26/2025,LAD,@BOS,1,DH,4,1,0,0,1,1,1,0,0
7/25/2025,LAD,@BOS,1,DH,5,1,0,0,0,1,0,0,0
7/23/2025,LAD,MIN,2,DH,5,1,0,0,1,2,1,0,0
7/22/2025,LAD,MIN,2,DH,5,1,0,0,1,1,2,0,0
7/21/2025,LAD,MIN,2,DH-P,4,1,0,0,1,1,2,0,0
7/20/2025,LAD,MIL,2,DH,4,1,0,0,1,1,2,0,0
7/19/2025,LAD,MIL,1,DH,5,2,0,0,1,1,3,0,0
7/18/2025,LAD,MIL,1,DH,4,0,0,0,0,0,0,1,0
7/13/2025,LAD,@SFG,1,DH,5,1,0,0,0,2,0,0,0
7/12/2025,LAD,@SFG,1,DH-P,4,0,0,0,0,0,0,0,0
7/11/2025,LAD,@SFG,1,DH,5,1,0,0,1,1,2,0,0
7/9/2025,LAD,@MIL,1,DH,5,0,0,0,0,0,1,0,0
7/8/2025,LAD,@MIL,1,DH,4,1,0,0,1,1,1,0,0
7/7/2025,LAD,@MIL,1,DH,4,2,0,0,0,1,0,0,0
7/6/2025,LAD,HOU,1,DH,4,0,0,0,0,0,0,0,0
7/5/2025,LAD,HOU,1,DH-P,5,1,0,0,0,0,0,0,0
7/4/2025,LAD,HOU,1,DH,4,0,0,0,0,0,0,0,0
7/3/2025,LAD,CHW,1,DH,4,0,0,0,0,2,0,0,0
7/2/2025,LAD,CHW,1,DH,5,1,0,0,0,1,1,1,0
7/1/2025,LAD,CHW,1,DH,4,1,0,0,1,1,1,0,0
6/29/2025,LAD,@KCR,1,DH,4,0,0,0,0,0,0,0,0
6/28/2025,LAD,@KCR,1,DH-P,4,0,0,0,0,0,0,0,0
6/27/2025,LAD,@KCR,1,DH,4,2,0,1,1,2,2,0,0
6/26/2025,LAD,@COL,1,DH,4,1,0,0,1,1,1,0,0
6/25/2025,LAD,@COL,1,DH,5,1,0,0,0,2,0,0,0
6/24/2025,LAD,@COL,1,DH,5,1,0,0,1,1,2,0,0
6/22/2025,LAD,WSN,1,DH-P,5,2,0,1,1,3,5,0,0
6/21/2025,LAD,WSN,1,DH,4,0,0,0,0,0,0,0,0
6/20/2025,LAD,WSN,1,DH,5,1,0,0,0,0,1,0,0
6/19/2025,LAD,SDP,1,DH,5,1,0,0,0,0,0,0,0
6/18/2025,LAD,SDP,1,DH,4,0,0,0,0,0,0,0,0
6/17/2025,LAD,SDP,1,DH,5,0,0,0,0,0,0,0,0
6/16/2025,LAD,SDP,1,DH-P,5,2,1,0,0,0,2,0,0
6/15/2025,LAD,SFG,1,DH,4,3,0,0,0,2,0,0,0
6/14/2025,LAD,SFG,1,DH,5,2,0,0,2,3,2,0,0
6/13/2025,LAD,SFG,1,DH,4,0,0,0,0,0,0,0,0
6/11/2025,LAD,@SDP,1,DH,5,1,0,1,0,1,0,0,0
6/10/2025,LAD,@SDP,1,DH,3,1,0,0,0,0,0,0,0
6/9/2025,LAD,@SDP,1,DH,6,1,1,0,0,1,0,0,0
6/8/2025,LAD,@STL,1,DH,5,1,1,0,0,0,0,0,0
6/7/2025,LAD,@STL,1,DH,5,1,0,0,0,1,0,0,0
6/6/2025,LAD,@STL,1,DH,4,1,0,0,0,0,0,0,0
6/5/2025,LAD,NYM,1,DH,4,2,0,0,0,1,0,0,0
6/4/2025,LAD,NYM,1,DH,4,2,0,0,0,0,0,0,0
6/3/2025,LAD,NYM,1,DH,5,0,0,0,0,0,0,0,0
6/2/2025,LAD,NYM,1,DH,5,1,0,0,1,1,2,0,0
6/1/2025,LAD,NYY,1,DH,4,0,0,0,0,0,0,0,0
5/31/2025,LAD,NYY,1,DH,4,2,0,0,0,2,0,0,0
5/30/2025,LAD,NYY,1,DH,5,2,0,0,2,2,2,0,0
5/28/2025,LAD,@CLE,1,DH,4,0,0,0,0,0,0,0,0
5/27/2025,LAD,@CLE,1,DH,5,1,0,0,1,2,2,0,0
5/26/2025,LAD,@CLE,1,DH,5,1,0,0,1,3,1,0,0
5/25/2025,LAD,@NYM,1,DH,4,1,0,0,1,1,1,0,0
5/24/2025,LAD,@NYM,1,DH,4,0,0,0,0,0,0,0,0
5/23/2025,LAD,@NYM,1,DH,6,1,0,0,0,1,0,0,1
5/21/2025,LAD,ARI,1,DH,4,0,0,0,0,0,0,0,0
5/20/2025,LAD,ARI,1,DH,5,1,1,0,0,1,0,1,0
5/19/2025,LAD,ARI,1,DH,4,1,0,0,1,1,1,0,0
5/18/2025,LAD,LAA,1,DH,5,3,0,0,0,1,1,0,0
5/17/2025,LAD,LAA,1,DH,6,0,0,0,0,0,0,0,0
5/16/2025,LAD,LAA,1,DH,4,2,0,0,1,1,1,0,0
5/15/2025,LAD,ATH,1,DH,6,2,0,0,2,2,6,0,0
5/14/2025,LAD,ATH,1,DH,5,2,0,0,1,2,1,0,0
5/13/2025,LAD,ATH,1,DH,4,0,0,0,0,0,0,0,0
5/11/2025,LAD,@ARI,1,DH,5,2,0,0,0,1,1,0,1
5/10/2025,LAD,@ARI,1,DH,4,1,0,0,0,0,0,0,0
5/9/2025,LAD,@ARI,1,DH,6,3,2,0,1,2,4,0,0
5/8/2025,LAD,@ARI,1,DH,5,1,0,0,1,1,1,0,0
5/7/2025,LAD,@MIA,1,DH,5,1,0,1,0,2,0,0,1
5/6/2025,LAD,@MIA,1,DH,5,2,1,0,1,1,2,0,0
5/5/2025,LAD,@MIA,1,DH,5,1,0,0,1,2,2,1,0
5/4/2025,LAD,@ATL,1,DH,4,1,1,0,0,0,0,0,0
5/3/2025,LAD,@ATL,1,DH,5,3,0,0,1,3,1,0,0
5/2/2025,LAD,@ATL,1,DH,4,0,0,0,0,0,0,0,0
4/30/2025,LAD,MIA,1,DH,5,1,0,1,0,3,0,1,0
4/29/2025,LAD,MIA,1,DH,5,1,0,0,1,2,1,1,0
4/28/2025,LAD,MIA,1,DH,5,1,0,0,0,1,0,1,0
4/27/2025,LAD,PIT,1,DH,5,2,1,0,0,1,0,0,0
4/26/2025,LAD,PIT,1,DH,5,3,2,1,0,2,1,1,0
4/25/2025,LAD,PIT,1,DH,4,0,0,0,0,0,0,0,0
4/23/2025,LAD,@CHC,1,DH,5,1,0,0,0,0,0,0,0
4/22/2025,LAD,@CHC,1,DH,5,1,0,0,0,2,0,0,0
4/20/2025,LAD,@TEX,1,DH,4,0,0,0,0,0,0,0,0
4/16/2025,LAD,COL,1,DH,5,2,0,0,1,1,2,0,0
4/15/2025,LAD,COL,1,DH,5,0,0,0,0,2,0,1,0
4/14/2025,LAD,COL,1,DH,5,3,0,0,1,3,1,0,0
4/13/2025,LAD,CHC,1,DH,5,0,0,0,0,0,0,0,0
4/12/2025,LAD,CHC,1,DH,3,1,0,0,0,0,0,1,0
4/11/2025,LAD,CHC,1,DH,4,0,0,0,0,0,0,0,0
4/9/2025,LAD,@WSN,1,DH,5,2,0,0,0,2,0,1,0
4/8/2025,LAD,@WSN,1,DH,5,1,0,0,0,0,0,0,0
4/7/2025,LAD,@WSN,1,DH,5,3,0,1,1,1,2,0,0
4/6/2025,LAD,@PHI,1,DH,5,0,0,0,0,1,0,0,0
4/5/2025,LAD,@PHI,1,DH,4,0,0,0,0,0,0,0,0
4/4/2025,LAD,@PHI,1,DH,4,1,0,0,0,0,0,0,1
4/2/2025,LAD,ATL,1,DH,5,3,0,0,1,1,1,0,0
4/1/2025,LAD,ATL,1,DH,4,1,0,0,0,1,0,0,0
3/31/2025,LAD,ATL,1,DH,5,0,0,0,0,1,0,1,0
3/29/2025,LAD,DET,1,DH,4,0,0,0,0,2,0,1,0
3/28/2025,LAD,DET,1,DH,5,1,0,0,0,1,0,0,0
3/27/2025,LAD,DET,1,DH,4,2,0,0,1,2,1,0,0
3/19/2025,LAD,@CHC,1,DH,5,1,0,0,1,1,1,0,0
3/18/2025,LAD,@CHC,1,DH,5,2,1,0,0,2,0,0,0
9/29/2024,LAD,@COL,1,DH,4,1,0,0,0,0,0,1,0
9/28/2024,LAD,@COL,1,DH,6,2,0,0,0,1,0,1,0
9/27/2024,LAD,@COL,1,DH,5,4,1,0,1,2,4,1,0
9/26/2024,LAD,SDP,1,DH,5,3,1,0,0,1,1,0,0
9/25/2024,LAD,SDP,1,DH,4,2,1,0,0,1,2,1,0
9/24/2024,LAD,SDP,1,DH,4,1,1,0,0,1,0,0,0
9/22/2024,LAD,COL,1,DH,5,4,0,0,1,2,1,2,0
9/21/2024,LAD,COL,1,DH,5,1,0,0,0,1,0,1,0
9/20/2024,LAD,COL,1,DH,4,3,0,0,1,2,2,1,0
9/19/2024,LAD,@MIA,1,DH,6,6,2,0,3,4,10,2,0
9/18/2024,LAD,@MIA,1,DH,5,1,0,0,0,0,0,1,0
9/17/2024,LAD,@MIA,1,DH,5,1,0,0,1,1,2,0,0
9/16/2024,LAD,@ATL,1,DH,5,0,0,0,0,1,2,0,0
9/15/2024,LAD,@ATL,1,DH,5,2,2,0,0,1,2,0,0
9/14/2024,LAD,@ATL,1,DH,3,0,0,0,0,0,0,0,0
9/13/2024,LAD,@ATL,1,DH,4,0,0,0,0,0,0,0,0
9/11/2024,LAD,CHC,1,DH,5,2,0,0,1,1,3,1,0
9/10/2024,LAD,CHC,1,DH,4,0,0,0,0,0,0,0,0
9/9/2024,LAD,CHC,1,DH,5,2,0,0,0,2,0,1,0
9/8/2024,LAD,CLE,1,DH,4,2,0,0,1,1,1,0,0
9/7/2024,LAD,CLE,1,DH,4,0,0,0,0,0,0,0,0
9/6/2024,LAD,CLE,1,DH,4,2,0,0,1,1,1,0,0
9/4/2024,LAD,@LAA,1,DH,4,0,0,0,0,0,0,0,0
9/3/2024,LAD,@LAA,1,DH,5,1,0,1,0,2,1,0,0
9/2/2024,LAD,@ARI,1,DH,6,2,0,0,0,2,0,3,0
9/1/2024,LAD,@ARI,1,DH,4,0,0,0,0,0,0,0,0
8/31/2024,LAD,@ARI,1,DH,6,1,0,0,1,1,2,0,0
8/30/2024,LAD,@ARI,1,DH,5,2,1,0,1,2,1,1,0
8/29/2024,LAD,BAL,1,DH,5,0,0,0,0,0,0,0,0
8/28/2024,LAD,BAL,1,DH,4,2,0,0,1,3,1,2,0
8/27/2024,LAD,BAL,1,DH,4,2,0,0,0,1,0,0,0
8/25/2024,LAD,TBR,1,DH,4,0,0,0,0,1,0,0,0
8/24/2024,LAD,TBR,1,DH,5,2,0,0,1,2,2,0,0
8/23/2024,LAD,TBR,1,DH,5,2,0,0,1,1,4,1,0
8/21/2024,LAD,SEA,1,DH,5,1,0,0,0,2,0,1,0
8/20/2024,LAD,SEA,1,DH,5,2,0,1,0,0,0,1,0
8/19/2024,LAD,SEA,1,DH,4,1,0,0,0,0,0,0,0
8/18/2024,LAD,@STL,1,DH,5,1,0,0,1,1,1,0,0
8/17/2024,LAD,@STL,1,DH,4,1,0,0,1,2,1,2,0
8/16/2024,LAD,@STL,1,DH,5,0,0,0,0,0,0,0,0
8/15/2024,LAD,@MIL,1,DH,5,1,0,0,0,0,0,0,0
8/14/2024,LAD,@MIL,1,DH,5,0,0,0,0,1,0,2,0
8/13/2024,LAD,@MIL,1,DH,5,1,0,0,1,1,1,0,0
8/12/2024,LAD,@MIL,1,DH,4,1,0,0,1,2,2,1,0
8/11/2024,LAD,PIT,1,DH,6,1,0,1,0,0,0,0,0
8/10/2024,LAD,PIT,1,DH,4,0,0,0,0,0,0,0,0
8/9/2024,LAD,PIT,1,DH,4,1,0,0,1,1,2,0,0
8/7/2024,LAD,PHI,1,DH,5,0,0,0,0,0,0,0,0
8/6/2024,LAD,PHI,1,DH,4,0,0,0,0,0,0,0,0
8/5/2024,LAD,PHI,1,DH,4,2,1,0,1,1,2,1,0
8/4/2024,LAD,@OAK,1,DH,4,0,0,0,0,0,0,0,0
8/3/2024,LAD,@OAK,1,DH,6,2,0,0,0,1,0,3,0
8/2/2024,LAD,@OAK,1,DH,5,1,0,0,1,1,3,0,0
7/31/2024,LAD,@SDP,1,DH,4,0,0,0,0,0,0,0,0
7/30/2024,LAD,@SDP,1,DH,5,0,0,0,0,1,0,1,0
7/28/2024,LAD,@HOU,1,DH,5,0,0,0,0,1,0,1,0
7/27/2024,LAD,@HOU,1,DH,5,2,0,0,1,2,2,1,0
7/26/2024,LAD,@HOU,1,DH,4,2,1,0,0,0,0,1,0
7/25/2024,LAD,SFG,1,DH,5,2,1,0,1,1,1,0,0
7/24/2024,LAD,SFG,1,DH,4,0,0,0,0,0,0,0,0
7/23/2024,LAD,SFG,1,DH,5,2,1,0,0,0,3,1,0
7/22/2024,LAD,SFG,1,DH,4,0,0,0,0,0,0,0,1
7/21/2024,LAD,BOS,1,DH,4,1,0,0,1,1,1,0,0
7/20/2024,LAD,BOS,1,DH,6,1,1,0,0,1,0,0,0
7/19/2024,LAD,BOS,1,DH,4,1,1,0,0,1,0,0,0
7/14/2024,LAD,@DET,1,DH,4,2,0,0,0,0,0,0,1
7/13/2024,LAD,@DET,1,DH,6,2,0,1,1,3,2,1,0
7/12/2024,LAD,@DET,1,DH,5,1,1,0,0,0,1,0,0
7/11/2024,LAD,@PHI,1,DH,4,0,0,0,0,0,0,0,0
7/10/2024,LAD,@PHI,1,DH,4,2,0,0,0,0,1,1,0
7/9/2024,LAD,@PHI,1,DH,3,1,0,0,0,0,0,1,0
7/7/2024,LAD,MIL,1,DH,5,1,0,0,0,0,0,2,0
7/6/2024,LAD,MIL,1,DH,5,2,0,1,1,2,1,1,0
7/5/2024,LAD,MIL,1,DH,5,0,0,0,0,0,0,0,0
7/4/2024,LAD,ARI,1,DH,4,0,0,0,0,0,0,1,0
7/3/2024,LAD,ARI,1,DH,4,1,0,0,0,1,0,0,0
7/2/2024,LAD,ARI,1,DH,5,3,1,0,1,2,2,0,0
6/30/2024,LAD,@SFG,1,DH,5,0,0,0,0,0,0,0,0
6/29/2024,LAD,@SFG,1,DH,6,1,0,0,1,2,1,0,0
6/28/2024,LAD,@SFG,1,DH,4,1,0,0,0,0,0,0,0
6/26/2024,LAD,@CHW,1,DH,4,1,0,0,1,2,1,0,0
6/25/2024,LAD,@CHW,1,DH,5,2,0,0,1,2,2,0,0
6/24/2024,LAD,@CHW,1,DH,5,0,0,0,0,0,1,0,0
6/22/2024,LAD,LAA,1,DH,5,1,0,0,1,1,2,0,0
6/21/2024,LAD,LAA,1,DH,4,2,0,0,1,1,2,0,1
6/20/2024,LAD,@COL,1,DH,5,1,0,0,1,1,1,0,0
6/19/2024,LAD,@COL,1,DH,5,2,1,0,0,1,3,0,0
6/18/2024,LAD,@COL,1,DH,5,2,0,0,1,2,2,0,0
6/17/2024,LAD,@COL,1,DH,6,3,2,0,0,2,1,1,0
6/16/2024,LAD,KCR,2,DH,4,2,0,0,2,2,2,0,0
6/15/2024,LAD,KCR,2,DH,4,0,0,0,0,0,0,0,0
6/14/2024,LAD,KCR,2,DH,4,2,0,0,0,0,0,0,0
6/13/2024,LAD,TEX,2,DH,4,0,0,0,0,0,0,0,0
6/12/2024,LAD,TEX,2,DH,4,1,0,0,1,1,1,0,0
6/11/2024,LAD,TEX,2,DH,5,1,0,0,1,3,2,1,0
6/9/2024,LAD,@NYY,2,DH,4,1,1,0,0,1,0,0,0
6/8/2024,LAD,@NYY,2,DH,5,1,0,0,0,2,1,0,0
6/7/2024,LAD,@NYY,2,DH,5,0,0,0,0,1,0,0,0
6/6/2024,LAD,@PIT,2,DH,6,1,0,0,0,1,0,0,0
6/5/2024,LAD,@PIT,2,DH,5,2,0,0,1,1,2,0,0
6/4/2024,LAD,@PIT,2,DH,4,1,0,0,0,0,0,0,0
6/2/2024,LAD,COL,2,DH,5,0,0,0,0,0,0,0,0
6/1/2024,LAD,COL,2,DH,4,1,0,0,0,0,0,1,1
5/31/2024,LAD,COL,2,DH,4,0,0,0,0,0,0,0,0
5/29/2024,LAD,@NYM,2,DH,5,2,0,0,1,1,3,0,0
5/28/2024,LAD,@NYM,2,DH,5,0,0,0,0,0,0,0,0
5/26/2024,LAD,@CIN,2,DH,4,1,0,0,0,1,0,0,0
5/25/2024,LAD,@CIN,2,DH,4,1,0,1,0,0,0,0,0
5/24/2024,LAD,@CIN,2,DH,5,0,0,0,0,0,1,0,0
5/22/2024,LAD,ARI,2,DH,4,1,0,0,0,0,0,0,0
5/21/2024,LAD,ARI,2,DH,4,2,1,0,0,2,1,2,0
5/20/2024,LAD,ARI,2,DH,4,0,0,0,0,1,0,0,0
5/19/2024,LAD,CIN,2,DH,5,2,0,0,0,0,1,0,0
5/18/2024,LAD,CIN,1,DH,4,0,0,0,0,0,0,0,0
5/17/2024,LAD,CIN,2,DH,4,1,0,0,1,2,2,0,0
5/16/2024,LAD,CIN,2,DH,3,0,0,0,0,0,0,1,0
5/15/2024,LAD,@SFG,2,DH,5,2,0,0,0,0,0,0,0
5/14/2024,LAD,@SFG,2,DH,5,3,1,0,1,1,2,0,0
5/13/2024,LAD,@SFG,2,DH,5,2,0,0,0,0,1,1,0
5/11/2024,LAD,@SDP,2,DH,4,0,0,0,0,1,0,0,0
5/10/2024,LAD,@SDP,2,DH,4,2,1,0,0,0,0,0,0
5/8/2024,LAD,MIA,2,DH,4,0,0,0,0,0,0,0,0
5/7/2024,LAD,MIA,2,DH,4,0,0,0,0,1,0,0,0
5/6/2024,LAD,MIA,2,DH,4,2,0,0,1,1,2,2,0
5/5/2024,LAD,ATL,2,DH,4,4,0,0,2,2,3,0,0
5/4/2024,LAD,ATL,2,DH,5,3,0,0,1,2,2,0,0
5/3/2024,LAD,ATL,2,DH,5,1,0,0,0,1,1,2,0
4/30/2024,LAD,@ARI,2,DH,5,1,0,0,0,0,0,0,0
4/29/2024,LAD,@ARI,2,DH,5,2,0,0,0,1,1,0,0
4/28/2024,LAD,@TOR,2,DH,4,0,0,0,0,0,0,0,0
4/27/2024,LAD,@TOR,2,DH,5,1,0,0,0,0,1,0,0
4/26/2024,LAD,@TOR,2,DH,5,1,0,0,1,2,1,0,0
4/25/2024,LAD,@WSN,2,DH,4,0,0,0,0,0,0,0,0
4/24/2024,LAD,@WSN,2,DH,6,3,3,0,0,2,2,0,0
4/23/2024,LAD,@WSN,2,DH,5,1,0,0,1,1,1,0,0
4/21/2024,LAD,NYM,2,DH,4,2,0,0,1,2,2,0,0
4/20/2024,LAD,NYM,2,DH,5,1,1,0,0,1,0,0,0
4/19/2024,LAD,NYM,2,DH,5,1,0,0,0,1,1,1,0
4/17/2024,LAD,WSN,2,DH,4,3,0,0,0,0,0,1,0
4/16/2024,LAD,WSN,2,DH,5,2,0,0,0,0,0,0,0
4/15/2024,LAD,WSN,2,DH,4,1,0,0,0,2,0,1,0
4/14/2024,LAD,SDP,2,DH,4,1,0,0,0,0,0,0,0
4/13/2024,LAD,SDP,2,DH,5,0,0,0,0,0,1,1,0
4/12/2024,LAD,SDP,2,DH,5,3,2,0,1,1,1,0,0
4/10/2024,LAD,@MIN,2,DH,4,1,0,0,0,0,0,0,0
4/9/2024,LAD,@MIN,2,DH,5,1,1,0,0,0,0,0,0
4/8/2024,LAD,@MIN,2,DH,5,3,2,0,1,2,1,0,0
4/7/2024,LAD,@CHC,2,DH,4,2,1,1,0,0,1,0,0
4/6/2024,LAD,@CHC,2,DH,5,2,0,0,0,1,0,0,0
4/5/2024,LAD,@CHC,2,DH,5,2,1,0,1,2,2,0,0
4/3/2024,LAD,SFG,2,DH,4,2,0,0,1,2,1,0,0
4/2/2024,LAD,SFG,2,DH,4,0,0,0,0,0,0,0,0
4/1/2024,LAD,SFG,2,DH,4,1,1,0,0,1,1,0,0
3/31/2024,LAD,STL,2,DH,4,1,1,0,0,1,0,0,0
3/30/2024,LAD,STL,2,DH,6,1,0,0,0,1,0,0,0
3/29/2024,LAD,STL,2,DH,4,0,0,0,0,0,0,0,0
3/28/2024,LAD,STL,2,DH,4,2,1,0,0,1,0,0,0
3/21/2024,LAD,SDP,2,DH,6,1,0,0,0,1,1,0,0
3/20/2024,LAD,@SDP,2,DH,5,2,0,0,0,0,1,1,0
9/3/2023,LAA,@OAK,2,DH,5,0,0,0,0,0,0,1,0
9/2/2023,LAA,@OAK,2,DH,5,0,0,0,0,0,0,0,0
9/1/2023,LAA,@OAK,3,DH,4,1,1,0,0,1,0,0,0
8/30/2023,LAA,@PHI,3,DH,5,1,0,0,0,1,1,0,0
8/29/2023,LAA,@PHI,2,DH,5,3,1,0,0,0,2,0,1
8/28/2023,LAA,@PHI,2,DH,5,1,0,0,0,0,0,0,0
8/27/2023,LAA,@NYM,2,DH,4,0,0,0,0,0,0,0,0
8/26/2023,LAA,@NYM,2,DH,5,2,1,1,0,2,1,2,0
8/25/2023,LAA,@NYM,2,DH,5,1,1,0,0,1,0,0,0
8/23/2023,LAA,CIN,2,DH,5,1,1,0,0,1,0,0,0
8/23/2023,LAA,CIN,2,DH-P,1,1,0,0,1,1,2,0,0
8/22/2023,LAA,CIN,3,DH,4,0,0,0,0,0,0,0,0
8/19/2023,LAA,TBR,2,DH,4,1,1,0,0,1,0,0,0
8/19/2023,LAA,TBR,2,DH,4,0,0,0,0,0,0,0,0
8/18/2023,LAA,TBR,2,DH,5,2,0,0,1,2,4,0,0
8/16/2023,LAA,@TEX,2,DH,4,3,0,0,1,1,1,0,0
8/15/2023,LAA,@TEX,2,DH,4,1,0,0,0,0,0,0,1
8/14/2023,LAA,@TEX,2,DH,3,0,0,0,0,0,0,0,0
8/13/2023,LAA,@HOU,2,DH,4,1,0,0,1,1,1,1,0
8/12/2023,LAA,@HOU,2,DH,4,1,1,0,0,1,0,0,0
8/11/2023,LAA,@HOU,2,DH,4,1,0,0,0,0,0,0,0
8/9/2023,LAA,SFG,2,DH-P,4,0,0,0,0,1,0,0,0
8/8/2023,LAA,SFG,2,DH,5,1,0,0,0,1,1,1,0
8/7/2023,LAA,SFG,2,DH,4,2,1,0,0,1,0,1,0
8/6/2023,LAA,SEA,2,DH,4,1,0,0,0,1,0,0,0
8/5/2023,LAA,SEA,2,DH,4,0,0,0,0,0,0,0,0
8/4/2023,LAA,SEA,2,DH,5,1,1,0,0,1,0,0,0
8/3/2023,LAA,SEA,2,DH-P,4,2,0,0,1,2,1,1,0
8/2/2023,LAA,@ATL,2,DH,4,2,0,0,0,1,0,0,0
8/1/2023,LAA,@ATL,2,DH,4,1,0,0,0,0,0,1,0
7/31/2023,LAA,@ATL,2,DH,5,2,0,0,0,0,0,0,0
7/30/2023,LAA,@TOR,2,DH,5,1,0,0,0,1,0,0,0
7/29/2023,LAA,@TOR,2,DH,5,1,1,0,0,0,0,0,0
7/28/2023,LAA,@TOR,2,DH,4,2,0,0,1,1,1,0,0
7/27/2023,LAA,@DET,2,DH,3,2,0,0,2,2,3,0,0
7/27/2023,LAA,@DET,2,P,5,0,0,0,0,0,0,0,0
7/25/2023,LAA,@DET,2,DH,5,0,0,0,0,2,0,1,0
7/23/2023,LAA,PIT,2,DH,4,1,0,0,1,2,1,0,0
7/22/2023,LAA,PIT,2,DH,4,0,0,0,0,0,0,0,0
7/21/2023,LAA,PIT,2,DH-P,4,0,0,0,0,2,0,0,0
7/19/2023,LAA,NYY,2,DH,5,0,0,0,0,2,0,0,0
7/18/2023,LAA,NYY,2,DH,4,1,0,1,0,1,1,0,0
7/17/2023,LAA,NYY,2,DH,5,3,1,0,1,1,2,0,0
7/16/2023,LAA,HOU,2,DH,5,1,0,0,1,2,1,0,0
7/15/2023,LAA,HOU,2,DH,6,1,0,0,1,1,1,0,0
7/14/2023,LAA,HOU,2,DH-P,5,2,0,0,0,1,0,0,0
7/8/2023,LAA,@LAD,1,DH,5,3,0,1,1,1,3,0,0
7/7/2023,LAA,@LAD,1,DH,4,1,0,0,0,1,0,0,0
7/5/2023,LAA,@SDP,3,DH,4,0,0,0,0,0,0,0,0
7/4/2023,LAA,@SDP,3,DH-P,3,0,0,0,0,0,0,0,0
7/3/2023,LAA,@SDP,3,DH,5,0,0,0,0,0,0,0,0
7/2/2023,LAA,ARI,3,DH,4,1,0,0,1,1,1,0,0
7/1/2023,LAA,ARI,3,DH,4,0,0,0,0,0,0,0,0
6/30/2023,LAA,ARI,2,DH,4,1,0,0,1,2,1,0,0
6/29/2023,LAA,CHW,3,DH,5,1,0,0,1,1,2,0,0
6/28/2023,LAA,CHW,2,DH,5,3,0,1,0,2,0,0,0
6/27/2023,LAA,CHW,2,DH-P,4,3,0,0,2,2,2,0,0
6/26/2023,LAA,CHW,3,DH,4,1,0,0,1,1,1,1,0
6/25/2023,LAA,@COL,2,DH,4,2,0,1,0,1,1,0,0
6/24/2023,LAA,@COL,2,DH,7,1,0,0,0,1,1,0,0
6/23/2023,LAA,@COL,2,DH,5,3,1,0,1,1,1,0,0
6/21/2023,LAA,LAD,2,DH-P,4,0,0,0,0,0,0,0,0
6/20/2023,LAA,LAD,2,DH,4,0,0,0,0,0,0,0,0
6/18/2023,LAA,@KCR,2,DH,4,1,0,0,1,1,2,0,0
6/17/2023,LAA,@KCR,2,DH,5,1,0,0,1,1,2,0,1
6/16/2023,LAA,@KCR,2,DH,5,1,1,0,0,1,0,0,0
6/15/2023,LAA,@TEX,2,DH-P,4,1,0,0,1,1,2,0,0
6/14/2023,LAA,@TEX,2,DH,5,2,0,0,1,1,2,0,0
6/13/2023,LAA,@TEX,2,DH,5,2,1,0,0,2,0,1,0
6/12/2023,LAA,@TEX,2,DH,6,2,0,0,2,2,4,0,0
6/11/2023,LAA,SEA,2,DH,5,3,0,0,0,1,0,0,0
6/10/2023,LAA,SEA,2,DH,4,1,0,0,1,1,2,0,0
6/9/2023,LAA,SEA,2,DH-P,4,3,1,0,1,1,2,0,0
6/8/2023,LAA,CHC,2,DH,5,1,0,0,0,0,0,0,0
6/7/2023,LAA,CHC,2,DH,5,1,1,0,0,0,0,2,0
6/6/2023,LAA,CHC,2,DH,4,1,0,0,1,2,1,0,0
6/4/2023,LAA,@HOU,1,DH,4,1,1,0,0,0,1,0,0
6/3/2023,LAA,@HOU,1,DH,5,4,1,1,0,2,2,0,0
6/2/2023,LAA,@HOU,1,DH-P,5,0,0,0,0,0,0,0,0
6/1/2023,LAA,@HOU,3,DH,5,1,0,0,0,0,0,0,0
5/31/2023,LAA,@CHW,3,DH,4,2,0,0,2,3,4,0,0
5/30/2023,LAA,@CHW,3,DH,4,1,0,0,1,1,1,0,0
5/29/2023,LAA,@CHW,3,DH,5,0,0,0,0,1,0,0,0
5/28/2023,LAA,MIA,3,DH,4,1,0,0,0,0,0,0,0
5/27/2023,LAA,MIA,3,DH-P,5,0,0,0,0,0,0,1,0
5/26/2023,LAA,MIA,3,DH,4,0,0,0,0,0,0,0,0
5/24/2023,LAA,BOS,3,DH,4,1,0,0,1,1,1,0,0
5/23/2023,LAA,BOS,3,DH,4,1,0,0,0,0,0,0,0
5/22/2023,LAA,BOS,3,DH,4,0,0,0,0,0,0,0,0
5/21/2023,LAA,MIN,3,DH-P,4,1,0,0,0,0,0,0,0
5/20/2023,LAA,MIN,3,DH,4,1,0,0,1,1,1,0,0
5/19/2023,LAA,MIN,3,DH,4,0,0,0,0,0,0,0,0
5/18/2023,LAA,@BAL,3,DH,5,2,0,0,1,1,2,0,0
5/17/2023,LAA,@BAL,3,DH,4,0,0,0,0,0,0,0,0
5/16/2023,LAA,@BAL,3,DH,4,0,0,0,0,0,0,0,0
5/15/2023,LAA,@BAL,3,DH-P,6,4,0,1,1,3,3,0,0
5/14/2023,LAA,@CLE,2,DH,4,1,0,0,0,0,1,1,0
5/13/2023,LAA,@CLE,3,DH,5,1,1,0,0,0,1,0,0
5/12/2023,LAA,@CLE,3,DH,5,0,0,0,0,0,0,0,0
5/10/2023,LAA,HOU,3,DH,4,1,0,0,1,1,2,0,0
5/9/2023,LAA,HOU,3,DH-P,4,0,0,0,0,0,0,0,0
5/8/2023,LAA,HOU,3,DH,4,2,2,0,0,0,2,0,0
5/7/2023,LAA,TEX,3,DH,5,2,0,0,0,1,1,0,0
5/6/2023,LAA,TEX,3,DH,4,0,0,0,0,0,0,0,0
5/5/2023,LAA,TEX,3,DH,5,0,0,0,0,0,0,0,0
5/4/2023,LAA,@STL,2,DH,5,1,0,0,0,1,0,0,0
5/3/2023,LAA,@STL,3,DH-P,5,3,1,0,0,1,1,0,0
4/30/2023,LAA,@MIL,3,DH,4,1,0,0,1,1,1,0,1
4/29/2023,LAA,@MIL,3,DH,5,3,0,0,0,0,0,2,0
4/28/2023,LAA,@MIL,3,DH,4,1,0,0,0,0,0,0,0
4/27/2023,LAA,OAK,3,DH-P,5,3,1,1,0,2,1,0,0
4/26/2023,LAA,OAK,3,DH,5,2,0,0,1,1,3,0,0
4/25/2023,LAA,OAK,3,DH,4,0,0,0,0,0,0,2,0
4/24/2023,LAA,OAK,3,DH,5,1,1,0,0,1,0,0,1
4/23/2023,LAA,KCR,3,DH,4,2,0,0,1,1,2,0,0
4/22/2023,LAA,KCR,3,DH,5,0,0,0,0,0,0,0,0
4/21/2023,LAA,KCR,2,DH-P,4,1,0,0,0,0,0,0,0
4/20/2023,LAA,@NYY,2,DH,4,0,0,0,0,0,0,0,0
4/19/2023,LAA,@NYY,2,DH,5,0,0,0,0,0,0,0,0
4/18/2023,LAA,@NYY,2,DH,4,1,0,0,1,2,2,1,0
4/17/2023,LAA,@BOS,2,DH-P,5,2,0,0,0,1,0,0,1
4/16/2023,LAA,@BOS,3,DH,4,0,0,0,0,0,0,0,0
4/15/2023,LAA,@BOS,3,DH,5,2,0,0,0,1,1,0,0
4/14/2023,LAA,@BOS,3,DH,5,1,0,0,0,1,0,0,0
4/11/2023,LAA,WSN,3,DH-P,4,1,0,0,0,0,0,0,0
4/10/2023,LAA,WSN,3,DH,4,0,0,0,0,0,0,0,0
4/9/2023,LAA,TOR,3,DH,6,2,0,0,1,3,2,0,0
4/8/2023,LAA,TOR,3,DH,4,1,1,0,0,1,0,0,0
4/7/2023,LAA,TOR,3,DH,4,2,1,0,0,0,0,0,0
4/5/2023,LAA,@SEA,3,DH-P,4,1,0,0,0,0,1,0,0
4/4/2023,LAA,@SEA,3,DH,3,0,0,0,0,0,0,0,0
4/3/2023,LAA,@SEA,3,DH,5,1,0,0,1,1,2,0,0
4/2/2023,LAA,@OAK,3,DH,4,1,0,0,1,1,1,0,0
4/1/2023,LAA,@OAK,3,DH,5,2,0,0,0,1,2,0,0
3/30/2023,LAA,@OAK,3,DH-P,4,1,0,0,0,0,0,0,0
10/5/2022,LAA,@OAK,3,DH-P,4,1,0,0,0,0,0,0,0
10/4/2022,LAA,@OAK,3,DH,5,0,0,0,0,0,0,0,0
10/3/2022,LAA,@OAK,3,DH,5,1,1,0,0,1,1,0,0
10/2/2022,LAA,TEX,3,DH,5,1,0,0,0,1,0,0,0
10/1/2022,LAA,TEX,2,DH,4,1,0,0,0,0,0,0,0
9/30/2022,LAA,TEX,3,DH,4,2,0,0,0,0,0,0,0
9/29/2022,LAA,OAK,3,DH-P,4,2,0,0,0,0,1,0,0
9/28/2022,LAA,OAK,3,DH,4,1,0,0,0,1,0,0,0
9/27/2022,LAA,OAK,3,DH,4,2,1,0,0,0,0,0,0
9/25/2022,LAA,@MIN,3,DH,5,2,0,0,0,2,1,0,0
9/24/2022,LAA,@MIN,3,DH,5,1,0,0,0,0,2,0,0
9/23/2022,LAA,@MIN,3,DH-P,4,1,0,0,0,0,1,0,0
9/22/2022,LAA,@TEX,9,PH,1,1,1,0,0,0,0,0,0
9/21/2022,LAA,@TEX,3,DH,4,2,0,0,0,1,0,0,0
9/20/2022,LAA,@TEX,3,DH,4,1,0,0,0,1,0,0,0
9/19/2022,LAA,SEA,2,DH,4,2,1,0,0,1,0,0,0
9/18/2022,LAA,SEA,3,DH,4,1,0,0,0,0,0,0,0
9/17/2022,LAA,SEA,3,DH-P,3,1,1,0,0,1,1,0,0
9/16/2022,LAA,SEA,3,DH,4,1,1,0,0,1,0,0,0
9/14/2022,LAA,@CLE,3,DH,4,1,1,0,0,0,0,0,0
9/13/2022,LAA,@CLE,3,DH,4,0,0,0,0,0,0,0,0
9/12/2022,LAA,@CLE,3,DH,4,1,0,0,0,0,0,0,0
9/11/2022,LAA,@HOU,2,DH,5,2,1,0,1,1,2,0,0
9/10/2022,LAA,@HOU,3,DH-P,4,0,0,0,0,0,0,0,0
9/9/2022,LAA,@HOU,3,DH,4,1,1,0,0,0,0,0,0
9/7/2022,LAA,DET,3,DH,5,1,0,0,1,1,1,0,0
9/6/2022,LAA,DET,3,DH,4,0,0,0,0,0,0,0,0
9/5/2022,LAA,DET,3,DH,5,3,1,0,2,3,3,0,0
9/3/2022,LAA,HOU,3,DH-P,5,0,0,0,0,0,0,0,0
9/2/2022,LAA,HOU,3,DH,5,1,0,0,0,0,0,0,0
8/31/2022,LAA,NYY,3,DH,4,1,0,0,1,1,3,0,0
8/30/2022,LAA,NYY,3,DH,4,2,1,0,0,1,0,0,1
8/29/2022,LAA,NYY,3,DH,4,2,0,0,1,1,2,0,0
8/28/2022,LAA,@TOR,3,DH,5,3,0,0,1,2,2,0,0
8/27/2022,LAA,@TOR,3,DH-P,4,0,0,0,0,0,0,0,0
8/26/2022,LAA,@TOR,3,DH,5,1,0,1,0,1,2,0,0
8/25/2022,LAA,@TBR,2,DH,4,1,1,0,0,1,1,0,0
8/24/2022,LAA,@TBR,3,DH,5,0,0,0,0,1,0,0,0
8/23/2022,LAA,@TBR,3,DH,3,1,0,0,0,0,0,0,0
8/22/2022,LAA,@TBR,8,PH,1,0,0,0,0,0,0,0,0
8/21/2022,LAA,@DET,3,P,2,0,0,0,0,0,0,0,0
8/20/2022,LAA,@DET,1,DH,4,2,1,0,0,1,0,0,0
8/19/2022,LAA,@DET,1,DH,4,0,0,0,0,0,0,0,0
8/17/2022,LAA,SEA,2,DH,5,4,0,1,1,2,4,0,0
8/16/2022,LAA,SEA,2,DH,4,3,0,1,0,0,0,0,0
8/15/2022,LAA,SEA,2,DH-P,4,1,0,0,0,0,0,0,0
8/14/2022,LAA,MIN,2,DH,4,1,0,0,0,1,1,0,1
8/13/2022,LAA,MIN,2,DH,5,1,0,0,1,1,1,0,0
8/12/2022,LAA,MIN,2,DH,4,0,0,0,0,0,0,0,0
8/10/2022,LAA,@OAK,2,DH,5,1,0,0,0,0,0,0,0
8/9/2022,LAA,@OAK,2,DH-P,4,2,0,0,1,2,1,0,0
8/7/2022,LAA,@SEA,2,DH,4,1,0,0,0,0,0,0,0
8/6/2022,LAA,@SEA,2,DH,5,0,0,0,0,0,1,0,0
8/6/2022,LAA,@SEA,2,DH,4,0,0,0,0,0,0,0,0
8/5/2022,LAA,@SEA,2,DH,5,1,0,0,0,0,0,0,0
8/4/2022,LAA,OAK,2,DH,5,3,0,0,2,2,2,0,0
8/3/2022,LAA,OAK,2,DH-P,3,0,0,0,0,0,0,0,0
8/2/2022,LAA,OAK,2,DH,4,1,1,0,0,0,0,0,0
7/31/2022,LAA,TEX,2,DH,4,2,0,1,0,1,0,0,1
7/30/2022,LAA,TEX,1,DH,5,1,0,0,1,2,3,0,0
7/29/2022,LAA,TEX,2,DH,4,0,0,0,0,0,0,0,0
7/28/2022,LAA,TEX,1,DH-P,4,0,0,0,0,0,0,0,0
7/27/2022,LAA,@KCR,1,DH,5,1,0,0,0,0,1,0,0
7/26/2022,LAA,@KCR,1,DH,5,1,0,0,1,2,1,1,0
7/25/2022,LAA,@KCR,1,DH,4,1,1,0,0,0,0,0,0
7/24/2022,LAA,@ATL,1,DH,5,0,0,0,0,1,0,0,0
7/23/2022,LAA,@ATL,1,DH,4,2,0,0,1,1,1,0,0
7/22/2022,LAA,@ATL,1,DH-P,4,0,0,0,0,0,0,0,0
7/16/2022,LAA,LAD,2,DH,4,2,0,0,0,0,0,0,0
7/15/2022,LAA,LAD,2,DH,4,0,0,0,0,0,0,0,0
7/14/2022,LAA,HOU,2,DH,5,1,0,0,0,1,0,0,0
7/13/2022,LAA,HOU,1,DH-P,5,2,0,1,0,1,2,0,0
7/12/2022,LAA,HOU,3,DH,4,0,0,0,0,0,0,0,0
7/10/2022,LAA,@BAL,3,DH,4,0,0,0,0,0,0,0,0
7/9/2022,LAA,@BAL,3,DH,4,0,0,0,0,0,0,0,0
7/8/2022,LAA,@BAL,3,DH,5,3,0,0,1,1,1,0,1
7/7/2022,LAA,@BAL,3,DH,4,0,0,0,0,0,0,0,0
7/6/2022,LAA,@MIA,3,DH-P,5,1,0,0,0,1,2,1,0
7/5/2022,LAA,@MIA,3,DH,4,0,0,0,0,0,0,1,0
7/3/2022,LAA,@HOU,3,DH,4,1,0,0,0,0,1,0,0
7/2/2022,LAA,@HOU,3,DH,4,0,0,0,0,0,0,0,0
7/1/2022,LAA,@HOU,3,DH,3,1,0,0,1,1,1,0,0
6/29/2022,LAA,CHW,3,DH-P,4,0,0,0,0,0,0,0,0
6/28/2022,LAA,CHW,3,DH,4,3,2,0,1,1,2,0,0
6/27/2022,LAA,CHW,3,DH,4,1,0,0,0,0,0,1,0
6/26/2022,LAA,SEA,3,DH,4,0,0,0,0,0,0,0,0
6/25/2022,LAA,SEA,3,DH,5,1,0,0,1,1,1,0,0
6/24/2022,LAA,SEA,3,DH,4,1,0,0,0,0,1,0,0
6/22/2022,LAA,KCR,2,DH-P,5,1,0,0,0,0,0,0,0
6/21/2022,LAA,KCR,3,DH,6,3,0,0,2,2,8,0,0
6/20/2022,LAA,KCR,3,DH,4,1,0,0,0,0,0,0,0
6/19/2022,LAA,@SEA,3,DH,4,0,0,0,0,0,0,0,0
6/18/2022,LAA,@SEA,3,DH,4,0,0,0,0,0,0,0,0
6/18/2022,LAA,@SEA,3,DH,5,0,0,0,0,0,0,0,0
6/16/2022,LAA,@SEA,3,DH-P,4,2,0,0,0,0,0,0,0
6/15/2022,LAA,@LAD,3,DH,4,1,0,1,0,1,0,0,0
6/14/2022,LAA,@LAD,3,DH,4,2,1,0,0,0,0,0,1
6/11/2022,LAA,NYM,3,DH,5,3,1,0,1,3,3,0,0
6/10/2022,LAA,NYM,2,DH,4,1,0,0,0,0,0,0,0
6/9/2022,LAA,BOS,2,DH-P,4,2,0,0,1,1,2,0,0
6/8/2022,LAA,BOS,1,DH,4,1,0,0,0,0,0,0,0
6/7/2022,LAA,BOS,2,DH,5,1,1,0,0,1,0,0,0
6/6/2022,LAA,BOS,2,DH,4,1,0,0,0,0,0,0,0
6/5/2022,LAA,@PHI,2,DH,5,1,1,0,0,1,0,0,0
6/4/2022,LAA,@PHI,2,DH,4,1,0,0,0,1,0,0,1
6/3/2022,LAA,@PHI,2,DH,4,0,0,0,0,0,0,0,0
6/2/2022,LAA,@NYY,2,DH,4,0,0,0,0,0,0,0,0
6/2/2022,LAA,@NYY,2,DH-P,5,1,0,0,0,0,0,0,0
5/31/2022,LAA,@NYY,2,DH,4,1,1,0,0,0,0,0,0
5/29/2022,LAA,TOR,2,DH,5,2,0,0,2,2,3,0,0
5/28/2022,LAA,TOR,2,DH,5,0,0,0,0,1,0,0,0
5/27/2022,LAA,TOR,8,PH,1,0,0,0,0,0,0,0,0
5/26/2022,LAA,TOR,3,DH-P,3,0,0,0,0,0,1,0,0
5/25/2022,LAA,TEX,1,DH,4,0,0,0,0,1,0,1,0
5/24/2022,LAA,TEX,1,DH,4,0,0,0,0,0,0,0,0
5/22/2022,LAA,OAK,1,DH,5,2,0,0,1,1,1,0,0
5/21/2022,LAA,OAK,1,DH,4,2,0,0,0,1,0,0,0
5/20/2022,LAA,OAK,3,DH,4,0,0,0,0,1,0,1,0
5/18/2022,LAA,@TEX,3,DH-P,5,0,0,0,0,0,0,0,0
5/17/2022,LAA,@TEX,3,DH,5,1,0,0,0,0,0,0,0
5/16/2022,LAA,@TEX,3,DH,4,1,1,0,0,1,1,0,0
5/15/2022,LAA,@OAK,3,DH,4,2,0,0,1,1,2,0,1
5/14/2022,LAA,@OAK,3,DH,5,1,0,0,1,1,2,0,0
5/14/2022,LAA,@OAK,3,DH,5,2,1,0,0,0,1,0,0
5/13/2022,LAA,@OAK,3,DH,4,0,0,0,0,0,0,0,0
5/11/2022,LAA,TBR,3,DH-P,4,1,0,0,0,0,0,1,0
5/10/2022,LAA,TBR,3,DH,5,2,1,0,0,1,0,0,0
5/9/2022,LAA,TBR,3,DH,4,3,0,0,2,3,5,0,0
5/8/2022,LAA,WSN,3,DH,5,1,1,0,0,1,2,0,0
5/7/2022,LAA,WSN,3,DH,4,1,0,0,0,0,0,0,0
5/6/2022,LAA,WSN,3,DH,4,0,0,0,0,0,1,0,0
5/5/2022,LAA,@BOS,3,DH-P,4,2,0,0,0,1,1,0,0
5/4/2022,LAA,@BOS,3,DH,5,0,0,0,0,1,0,0,0
5/3/2022,LAA,@BOS,3,DH,4,1,0,0,0,0,0,0,0
5/2/2022,LAA,@CHW,9,PH,1,0,0,0,0,0,0,0,0
5/1/2022,LAA,@CHW,3,DH,4,0,0,0,0,0,1,0,0
4/30/2022,LAA,@CHW,4,DH,4,0,0,0,0,0,0,0,0
4/29/2022,LAA,@CHW,4,DH,5,2,0,0,1,3,1,1,0
4/27/2022,LAA,CLE,2,DH-P,5,3,1,0,0,1,1,0,0
4/26/2022,LAA,CLE,2,DH,4,1,0,0,0,1,0,0,0
4/25/2022,LAA,CLE,2,DH,4,0,0,0,0,0,0,0,0
4/24/2022,LAA,BAL,1,DH,5,3,0,0,0,2,0,0,1
4/23/2022,LAA,BAL,1,DH,5,0,0,0,0,0,0,1,0
4/22/2022,LAA,BAL,1,DH,4,0,0,0,0,0,0,0,0
4/20/2022,LAA,@HOU,1,DH-P,5,2,1,0,0,1,2,0,0
4/19/2022,LAA,@HOU,1,DH,5,0,0,0,0,0,0,0,0
4/18/2022,LAA,@HOU,1,DH,4,1,0,0,0,0,0,0,0
4/17/2022,LAA,@TEX,1,DH,5,1,0,0,0,1,1,0,0
4/16/2022,LAA,@TEX,1,DH,5,2,0,0,1,3,3,1,0
4/15/2022,LAA,@TEX,1,DH,5,2,0,0,2,2,3,0,0
4/14/2022,LAA,@TEX,1,DH-P,5,1,1,0,0,1,0,0,0
4/12/2022,LAA,MIA,1,DH,4,1,0,0,0,0,0,0,1
4/11/2022,LAA,MIA,1,DH,4,1,0,0,0,1,0,1,0
4/10/2022,LAA,HOU,1,DH,4,1,1,0,0,0,0,0,0
4/9/2022,LAA,HOU,1,DH,4,0,0,0,0,0,0,0,0
4/8/2022,LAA,HOU,1,DH,5,1,0,0,0,1,0,0,0
4/7/2022,LAA,HOU,1,DH-P,4,0,0,0,0,0,0,0,0
10/3/2021,LAA,@SEA,1,DH,5,1,0,0,1,1,1,0,0
10/2/2021,LAA,@SEA,2,DH,4,0,0,0,0,1,0,0,0
10/1/2021,LAA,@SEA,2,DH,4,0,0,0,0,0,0,0,0
9/30/2021,LAA,@TEX,2,DH,5,2,1,1,0,1,1,0,0
9/29/2021,LAA,@TEX,1,DH,5,2,0,0,0,1,0,2,0
9/28/2021,LAA,@TEX,2,DH,4,0,0,0,0,0,0,0,0
9/26/2021,LAA,SEA,2,P,3,1,0,0,0,0,0,0,0
9/25/2021,LAA,SEA,2,DH,5,2,0,2,0,3,3,0,0
9/24/2021,LAA,SEA,2,DH,5,0,0,0,0,0,0,0,0
9/23/2021,LAA,HOU,2,DH,4,0,0,0,0,1,0,1,0
9/22/2021,LAA,HOU,3,DH,6,0,0,0,0,0,0,0,1
9/21/2021,LAA,HOU,2,DH,4,2,0,0,1,2,1,0,0
9/20/2021,LAA,HOU,3,DH,4,0,0,0,0,0,0,0,0
9/19/2021,LAA,OAK,2,P,4,0,0,0,0,0,0,0,0
9/18/2021,LAA,OAK,3,DH,4,2,0,0,0,1,0,0,0
9/17/2021,LAA,OAK,3,DH,4,1,0,0,0,0,0,0,0
9/16/2021,LAA,@CHW,3,DH,5,2,0,0,0,1,0,0,0
9/15/2021,LAA,@CHW,2,DH,5,0,0,0,0,0,0,0,0
9/14/2021,LAA,@CHW,2,DH,5,0,0,0,0,0,0,0,0
9/12/2021,LAA,@HOU,2,DH,4,1,0,0,0,0,0,0,0
9/11/2021,LAA,@HOU,2,DH,5,1,0,0,0,1,0,0,0
9/10/2021,LAA,@HOU,2,P,3,1,0,0,1,1,1,0,0
9/7/2021,LAA,@SDP,8,PH,1,1,0,0,0,0,0,0,0
9/6/2021,LAA,TEX,2,DH,4,0,0,0,0,0,0,0,0
9/5/2021,LAA,TEX,2,DH,5,0,0,0,0,0,0,1,0
9/4/2021,LAA,TEX,2,DH,4,2,0,0,1,1,3,0,1
9/3/2021,LAA,TEX,2,P,4,0,0,0,0,0,0,0,0
9/1/2021,LAA,NYY,2,DH,4,0,0,0,0,0,0,0,0
8/31/2021,LAA,NYY,2,DH,4,0,0,0,0,2,0,2,0
8/30/2021,LAA,NYY,2,DH,4,1,0,0,1,1,1,0,0
8/28/2021,LAA,SDP,2,DH,5,0,0,0,0,2,0,1,0
8/27/2021,LAA,SDP,1,DH,4,0,0,0,0,0,0,0,0
8/26/2021,LAA,@BAL,1,DH,4,1,0,0,1,1,1,0,0
8/25/2021,LAA,@BAL,1,P,4,0,0,0,0,0,0,0,0
8/24/2021,LAA,@BAL,1,DH,6,1,0,0,0,0,0,0,0
8/22/2021,LAA,@CLE,1,DH,4,1,0,0,0,0,0,1,0
8/21/2021,LAA,@CLE,1,DH,4,0,0,0,0,0,0,0,0
8/20/2021,LAA,@CLE,1,DH,4,1,0,0,0,0,0,0,0
8/19/2021,LAA,@DET,1,DH,6,2,0,0,0,2,1,0,0
8/18/2021,LAA,@DET,1,P,4,1,0,0,1,1,1,0,0
8/17/2021,LAA,@DET,1,DH,6,1,0,0,0,1,0,1,1
8/16/2021,LAA,@NYY,1,DH,4,0,0,0,0,0,0,0,0
8/15/2021,LAA,HOU,1,DH,4,2,0,0,0,0,0,0,0
8/14/2021,LAA,HOU,1,DH,5,2,0,0,1,1,1,1,0
8/13/2021,LAA,HOU,1,DH,4,1,0,0,0,0,1,0,0
8/12/2021,LAA,TOR,1,P,4,1,1,0,0,1,0,0,0
8/11/2021,LAA,TOR,1,DH,4,1,0,0,1,1,2,0,0
8/10/2021,LAA,TOR,1,DH,4,1,0,1,0,0,0,0,0
8/10/2021,LAA,@TOR,2,DH,4,0,0,0,0,1,0,1,0
8/8/2021,LAA,@LAD,8,PH-RF,1,0,0,0,0,0,0,0,0
8/7/2021,LAA,@LAD,8,PH,1,0,0,0,0,0,0,0,0
8/6/2021,LAA,@LAD,7,PH,1,0,0,0,0,0,0,0,1
8/5/2021,LAA,@TEX,2,DH,5,0,0,0,0,0,0,0,0
8/4/2021,LAA,@TEX,2,P,3,0,0,0,0,0,0,0,0
8/3/2021,LAA,@TEX,2,DH,5,2,1,0,0,2,0,0,0
8/2/2021,LAA,@TEX,2,DH,4,0,0,0,0,0,0,0,0
8/1/2021,LAA,OAK,2,DH,4,0,0,0,0,0,0,0,0
7/31/2021,LAA,OAK,2,DH,4,1,1,0,0,0,1,0,0
7/30/2021,LAA,OAK,2,DH,4,1,0,0,0,0,0,0,1
7/29/2021,LAA,OAK,2,DH,4,0,0,0,0,0,0,1,0
7/28/2021,LAA,COL,2,DH,5,2,0,0,1,2,3,0,0
7/27/2021,LAA,COL,2,DH,5,1,0,0,1,1,2,0,0
7/26/2021,LAA,COL,2,P,4,1,0,0,0,1,1,1,0
7/25/2021,LAA,@MIN,2,DH,4,2,0,0,1,1,1,1,1
7/24/2021,LAA,@MIN,2,DH,4,2,2,0,0,1,0,0,0
7/22/2021,LAA,@MIN,2,DH,4,0,0,0,0,0,0,0,0
7/20/2021,LAA,@OAK,2,DH,4,0,0,0,0,0,0,0,0
7/19/2021,LAA,@OAK,2,P-RF,4,1,1,0,0,0,0,0,0
7/18/2021,LAA,SEA,2,DH,5,2,0,0,1,1,2,0,0
7/17/2021,LAA,SEA,2,DH,5,0,0,0,0,0,0,0,0
7/16/2021,LAA,SEA,2,DH,5,1,0,0,0,0,2,0,0
7/11/2021,LAA,@SEA,2,DH,5,2,1,0,0,1,0,0,0
7/10/2021,LAA,@SEA,2,DH,4,0,0,0,0,0,0,0,1
7/9/2021,LAA,@SEA,2,DH,4,1,0,0,1,1,1,0,0
7/7/2021,LAA,BOS,2,DH,4,2,0,0,1,2,1,0,0
7/6/2021,LAA,BOS,2,P,4,1,1,0,0,1,1,0,0
7/5/2021,LAA,BOS,2,DH,5,1,0,0,0,0,0,0,0
7/4/2021,LAA,BAL,2,DH,4,1,0,0,1,1,1,0,0
7/3/2021,LAA,BAL,2,DH,5,0,0,0,0,1,0,0,0
7/2/2021,LAA,BAL,2,DH,5,2,0,0,2,3,3,1,0
6/30/2021,LAA,@NYY,1,P,1,0,0,0,0,0,0,0,0
6/29/2021,LAA,@NYY,2,DH,5,2,0,0,2,2,3,0,0
6/28/2021,LAA,@NYY,2,DH,5,1,0,0,1,1,1,0,0
6/27/2021,LAA,@TBR,2,DH,5,3,1,1,1,2,3,1,0
6/26/2021,LAA,@TBR,1,DH,4,1,1,0,0,1,1,0,0
6/25/2021,LAA,@TBR,1,DH,4,2,0,0,1,1,1,0,0
6/23/2021,LAA,SFG,2,P,3,0,0,0,0,0,0,0,0
6/22/2021,LAA,SFG,2,DH,4,0,0,0,0,0,0,0,0
6/20/2021,LAA,DET,2,DH,5,1,0,0,1,1,2,0,0
6/19/2021,LAA,DET,2,DH,5,1,0,0,1,1,2,0,0
6/18/2021,LAA,DET,2,DH,5,2,0,0,2,2,3,0,0
6/17/2021,LAA,DET,2,P,3,0,0,0,0,0,0,0,0
6/16/2021,LAA,@OAK,2,DH,4,2,0,0,1,1,1,1,0
6/15/2021,LAA,@OAK,2,DH,4,1,0,0,1,1,1,0,0
6/14/2021,LAA,@OAK,2,DH,5,1,0,0,0,0,0,0,0
6/13/2021,LAA,@ARI,8,PH,1,0,0,0,0,0,0,0,0
6/12/2021,LAA,@ARI,7,PH,1,1,0,0,0,0,0,0,0
6/11/2021,LAA,@ARI,2,P-RF,4,2,2,0,0,1,1,0,0
6/9/2021,LAA,KCR,2,DH,4,1,0,0,0,1,0,0,0
6/8/2021,LAA,KCR,2,DH,4,2,1,0,1,2,2,0,0
6/7/2021,LAA,KCR,2,DH,4,0,0,0,0,1,0,1,0
6/6/2021,LAA,SEA,2,DH,5,0,0,0,0,1,0,1,0
6/5/2021,LAA,SEA,2,DH,5,2,1,0,1,1,2,0,0
6/4/2021,LAA,SEA,2,P,3,0,0,0,0,0,0,0,0
6/3/2021,LAA,SEA,2,DH,4,0,0,0,0,0,0,0,0
5/31/2021,LAA,@SFG,6,PH,1,0,0,0,0,0,0,0,0
5/30/2021,LAA,@OAK,2,DH,5,0,0,0,0,0,0,0,0
5/29/2021,LAA,@OAK,2,DH,5,2,0,0,0,1,2,1,0
5/28/2021,LAA,@OAK,0,P,0,0,0,0,0,0,0,0,0
5/27/2021,LAA,@OAK,2,DH,4,0,0,0,0,0,0,0,0
5/26/2021,LAA,TEX,2,DH,4,1,0,0,0,1,0,0,0
5/25/2021,LAA,TEX,2,DH,5,1,0,0,1,1,3,0,0
5/23/2021,LAA,OAK,4,PH-RF,1,0,0,0,0,0,1,0,0
5/22/2021,LAA,OAK,2,DH,4,2,1,1,0,0,1,0,0
5/21/2021,LAA,OAK,2,DH,4,0,0,0,0,0,0,0,0
5/20/2021,LAA,MIN,2,DH,3,0,0,0,0,0,0,0,0
5/19/2021,LAA,CLE,2,P-RF,3,1,0,0,0,0,0,0,1
5/18/2021,LAA,CLE,2,DH,4,2,0,0,1,2,1,0,0
5/17/2021,LAA,CLE,2,DH,5,1,0,0,1,2,3,0,0
5/16/2021,LAA,@BOS,3,DH,5,1,0,0,1,1,2,0,0
5/15/2021,LAA,@BOS,2,DH,4,1,0,0,0,0,0,0,0
5/14/2021,LAA,@BOS,2,DH,4,2,1,0,1,1,1,0,0
5/12/2021,LAA,@HOU,1,DH,4,0,0,0,0,0,0,0,0
5/11/2021,LAA,@HOU,2,P-RF,4,1,0,0,0,0,0,0,0
5/10/2021,LAA,@HOU,2,DH,5,0,0,0,0,0,0,0,0
5/9/2021,LAA,LAD,2,DH,4,1,0,0,0,1,0,0,0
5/8/2021,LAA,LAD,2,DH,5,1,0,0,0,2,0,0,0
5/7/2021,LAA,LAD,2,DH,5,2,2,0,0,1,2,0,0
5/6/2021,LAA,TBR,2,DH,4,2,0,0,1,1,2,0,0
5/5/2021,LAA,TBR,0,P,0,0,0,0,0,0,0,0,0
5/4/2021,LAA,TBR,2,DH,4,0,0,0,0,1,0,0,0
5/3/2021,LAA,TBR,2,DH,4,2,1,0,1,1,2,0,1
5/2/2021,LAA,@SEA,2,DH,4,0,0,0,0,0,0,2,0
5/1/2021,LAA,@SEA,2,DH,5,0,0,0,0,1,1,1,0
4/30/2021,LAA,@SEA,2,DH,4,1,0,0,1,1,1,0,0
4/28/2021,LAA,@TEX,2,DH,4,1,1,0,0,0,0,0,0
4/27/2021,LAA,@TEX,2,DH,4,0,0,0,0,0,0,0,0
4/26/2021,LAA,@TEX,2,P,4,2,1,0,0,3,2,0,0
4/25/2021,LAA,@HOU,2,DH,5,1,0,0,1,1,1,0,0
4/24/2021,LAA,@HOU,2,DH-LF,4,1,0,0,1,1,1,0,0
4/23/2021,LAA,@HOU,2,DH,5,2,1,0,0,0,1,1,0
4/22/2021,LAA,@HOU,2,DH,5,0,0,0,0,0,0,0,0
4/21/2021,LAA,TEX,2,DH,4,1,0,0,1,1,1,0,0
4/20/2021,LAA,TEX,0,P,0,0,0,0,0,0,0,0,0
4/19/2021,LAA,TEX,2,DH,4,0,0,0,0,0,0,0,0
4/16/2021,LAA,MIN,2,DH,4,1,0,0,0,1,0,0,0
4/14/2021,LAA,@KCR,2,DH,4,0,0,0,0,0,0,0,0
4/13/2021,LAA,@KCR,2,DH,5,3,0,0,1,1,1,0,0
4/12/2021,LAA,@KCR,2,DH,5,3,2,0,0,2,3,0,1
4/10/2021,LAA,@TOR,2,DH,4,1,0,1,0,0,0,0,0
4/9/2021,LAA,@TOR,2,DH,5,2,1,0,1,1,4,0,0
4/8/2021,LAA,@TOR,2,DH,6,1,0,0,0,0,1,0,0
4/6/2021,LAA,HOU,2,DH,4,2,0,0,0,1,0,1,0
4/5/2021,LAA,HOU,8,PH,1,0,0,0,0,1,0,0,0
4/4/2021,LAA,CHW,2,P,3,1,0,0,1,1,1,0,0
4/3/2021,LAA,CHW,2,DH,4,1,0,0,0,0,0,1,0
4/2/2021,LAA,CHW,2,DH,5,2,0,1,1,2,2,0,0
4/1/2021,LAA,CHW,2,DH,4,0,0,0,0,1,0,0,0
9/27/2020,LAA,@LAD,4,DH,4,1,0,0,0,0,0,0,1
9/26/2020,LAA,@LAD,4,DH,5,0,0,0,0,0,0,0,0
9/25/2020,LAA,@LAD,9,PH,1,0,0,0,0,0,0,0,0
9/23/2020,LAA,@SDP,5,DH,4,1,0,0,1,1,2,0,0
9/21/2020,LAA,TEX,5,DH,4,0,0,0,0,2,0,0,0
9/20/2020,LAA,TEX,5,DH,4,0,0,0,0,0,1,0,0
9/19/2020,LAA,TEX,6,DH,3,2,0,0,1,2,1,0,0
9/12/2020,LAA,@COL,7,PR,0,0,0,0,0,1,0,0,0
9/11/2020,LAA,@COL,6,DH,4,0,0,0,0,0,0,0,0
9/9/2020,LAA,@TEX,5,DH,4,1,0,0,0,0,0,0,0
9/8/2020,LAA,@TEX,5,DH,4,1,0,0,0,0,0,1,0
9/5/2020,LAA,@HOU,9,PH,1,0,0,0,0,0,0,0,0
9/5/2020,LAA,HOU,4,DH,4,1,0,0,0,1,1,1,0
9/4/2020,LAA,HOU,4,DH,6,1,0,0,0,0,1,0,0
9/3/2020,LAA,SDP,5,DH,3,1,0,0,0,0,0,0,0
9/2/2020,LAA,SDP,1,DH,4,0,0,0,0,1,0,0,0
8/31/2020,LAA,SEA,9,PH,1,1,0,0,0,0,0,0,0
8/30/2020,LAA,SEA,2,DH,5,1,0,0,0,0,0,1,0
8/29/2020,LAA,SEA,2,DH,6,0,0,0,0,1,2,0,0
8/28/2020,LAA,SEA,2,DH,4,1,1,0,0,1,0,1,0
8/25/2020,LAA,@HOU,4,DH,5,2,1,0,0,1,2,1,0
8/25/2020,LAA,@HOU,5,DH,3,0,0,0,0,1,0,0,0
8/24/2020,LAA,@HOU,2,DH,4,0,0,0,0,0,0,0,0
8/23/2020,LAA,@OAK,5,DH,5,2,0,0,1,1,3,0,0
8/22/2020,LAA,@OAK,5,DH,4,0,0,0,0,0,0,0,0
8/20/2020,LAA,@SFG,5,DH,5,0,0,0,0,0,0,0,0
8/19/2020,LAA,@SFG,5,DH,4,0,0,0,0,0,0,0,0
8/18/2020,LAA,SFG,5,DH,4,0,0,0,0,0,1,0,0
8/16/2020,LAA,LAD,5,DH,4,1,0,0,0,1,0,0,0
8/15/2020,LAA,LAD,5,DH,4,0,0,0,0,0,0,0,0
8/14/2020,LAA,LAD,5,DH,4,1,1,0,0,1,0,0,0
8/12/2020,LAA,OAK,5,DH,4,0,0,0,0,0,0,0,0
8/11/2020,LAA,OAK,5,DH,5,2,0,0,0,1,0,1,0
8/10/2020,LAA,OAK,5,DH,5,2,1,0,1,1,2,0,0
8/9/2020,LAA,@TEX,4,DH,4,2,1,0,0,1,0,0,0
8/8/2020,LAA,@TEX,4,DH,4,0,0,0,0,0,0,0,0
8/7/2020,LAA,@TEX,3,DH,4,0,0,0,0,0,0,0,0
8/6/2020,LAA,@SEA,4,DH,4,1,0,0,1,2,1,0,0
8/2/2020,LAA,HOU,0,P,0,0,0,0,0,0,0,0,0
7/31/2020,LAA,HOU,4,DH,5,0,0,0,0,1,0,0,0
7/30/2020,LAA,SEA,5,DH,4,1,0,0,1,1,3,1,0
7/29/2020,LAA,SEA,4,DH,5,1,0,0,1,1,3,0,0
7/28/2020,LAA,SEA,5,DH,5,1,1,0,0,0,1,0,0
7/27/2020,LAA,@OAK,3,DH,4,0,0,0,0,0,0,0,0
7/26/2020,LAA,@OAK,0,P,0,0,0,0,0,0,0,0,0
7/24/2020,LAA,@OAK,3,DH,5,1,0,0,0,0,0,0,0
9/11/2019,LAA,CLE,3,DH,5,1,0,0,1,1,1,0,0
9/10/2019,LAA,CLE,3,DH,3,0,0,0,0,0,0,0,0
9/9/2019,LAA,CLE,3,DH,4,0,0,0,0,0,0,0,0
9/8/2019,LAA,@CHW,3,DH,4,1,0,0,0,0,1,0,0
9/7/2019,LAA,@CHW,4,DH,5,3,1,0,1,1,5,1,0
9/6/2019,LAA,@CHW,5,DH,4,2,1,1,0,1,0,0,0
9/4/2019,LAA,@OAK,5,DH,4,0,0,0,0,0,0,0,0
9/3/2019,LAA,@OAK,3,DH,4,1,1,0,0,0,1,0,0
9/1/2019,LAA,BOS,9,PH,1,0,0,0,0,0,0,0,0
8/31/2019,LAA,BOS,8,PH,1,0,0,0,0,0,0,0,0
8/30/2019,LAA,BOS,3,DH,8,0,0,0,0,1,0,0,0
8/28/2019,LAA,TEX,3,DH,4,1,1,0,0,0,0,0,0
8/27/2019,LAA,TEX,3,DH,4,1,0,0,0,1,0,0,0
8/25/2019,LAA,@HOU,3,DH,4,0,0,0,0,0,0,0,0
8/24/2019,LAA,@HOU,3,DH,5,1,0,0,0,0,0,0,0
8/23/2019,LAA,@HOU,3,DH,4,0,0,0,0,1,0,0,0
8/21/2019,LAA,@TEX,8,PH,1,0,0,0,0,0,0,0,0
8/20/2019,LAA,@TEX,3,DH,5,3,1,0,0,0,1,0,0
8/19/2019,LAA,@TEX,3,DH,6,2,0,1,0,2,1,1,0
8/18/2019,LAA,CHW,3,DH,5,2,0,0,1,1,2,0,0
8/17/2019,LAA,CHW,9,PH,1,1,0,0,0,1,0,0,0
8/16/2019,LAA,CHW,3,DH,4,1,0,0,0,0,1,0,0
8/15/2019,LAA,CHW,3,DH,5,2,1,0,0,1,0,0,0
8/14/2019,LAA,PIT,3,DH,4,2,0,0,0,1,0,0,0
8/13/2019,LAA,PIT,3,DH,5,2,1,1,0,2,2,1,0
8/12/2019,LAA,PIT,3,DH,5,1,0,0,0,0,0,0,0
8/11/2019,LAA,@BOS,3,DH,5,3,0,0,0,0,2,0,0
8/10/2019,LAA,@BOS,3,DH,5,2,1,0,0,2,2,0,0
8/9/2019,LAA,@BOS,3,DH,4,0,0,0,0,0,0,0,1
8/8/2019,LAA,@BOS,3,DH,3,1,1,0,0,0,0,0,0
8/6/2019,LAA,@CIN,6,PH,1,0,0,0,0,0,0,0,0
8/5/2019,LAA,@CIN,9,PH,1,0,0,0,0,0,0,0,0
8/4/2019,LAA,@CLE,3,DH,4,0,0,0,0,0,0,0,0
8/3/2019,LAA,@CLE,3,DH,4,2,1,0,0,0,0,0,0
8/2/2019,LAA,@CLE,3,DH,4,0,0,0,0,0,0,0,1
7/30/2019,LAA,DET,3,DH,4,3,0,0,0,1,1,1,0
7/29/2019,LAA,DET,3,DH,4,0,0,0,0,0,0,0,0
7/28/2019,LAA,BAL,3,DH,4,0,0,0,0,0,0,0,0
7/27/2019,LAA,BAL,3,DH,5,1,0,0,1,1,1,0,0
7/26/2019,LAA,BAL,3,DH,4,1,0,1,0,0,0,0,0
7/25/2019,LAA,BAL,3,DH,8,0,0,0,0,0,0,1,0
7/24/2019,LAA,@LAD,9,PH,1,0,0,0,0,0,0,0,0
7/23/2019,LAA,@LAD,9,PH,1,1,0,0,0,0,1,0,0
7/21/2019,LAA,@SEA,3,DH,5,2,1,0,0,1,0,0,0
7/20/2019,LAA,@SEA,3,DH,5,1,0,0,0,0,0,1,0
7/19/2019,LAA,@SEA,3,DH,3,0,0,0,0,0,0,0,0
7/18/2019,LAA,HOU,9,PH,1,0,0,0,0,0,0,0,0
7/17/2019,LAA,HOU,3,DH,4,2,0,0,0,0,0,0,0
7/16/2019,LAA,HOU,3,DH,4,2,0,0,0,1,1,1,0
7/15/2019,LAA,HOU,3,DH,5,0,0,0,0,1,0,0,0
7/14/2019,LAA,SEA,3,DH,4,1,0,0,0,0,1,0,0
7/13/2019,LAA,SEA,3,DH,4,0,0,0,0,1,0,1,0
7/12/2019,LAA,SEA,3,DH,5,1,0,0,0,1,0,0,0
7/7/2019,LAA,@HOU,3,DH,6,1,0,0,1,1,2,0,0
7/6/2019,LAA,@HOU,3,DH,4,1,1,0,0,0,0,0,0
7/5/2019,LAA,@HOU,3,DH,4,1,0,0,1,1,1,0,0
7/4/2019,LAA,@TEX,3,DH,5,2,0,0,0,0,0,0,0
7/3/2019,LAA,@TEX,3,DH,4,2,2,0,0,1,0,0,0
7/2/2019,LAA,@TEX,9,PH,1,1,0,0,0,0,0,0,0
6/30/2019,LAA,OAK,3,DH,4,2,0,0,2,2,2,0,0
6/29/2019,LAA,OAK,3,DH,4,0,0,0,0,0,0,0,0
6/28/2019,LAA,OAK,3,DH,4,3,1,0,0,1,0,0,0
6/27/2019,LAA,OAK,3,DH,4,1,0,0,1,1,2,0,0
6/26/2019,LAA,CIN,3,DH,4,3,1,0,0,1,0,1,0
6/25/2019,LAA,CIN,3,DH,4,1,0,0,0,0,1,0,0
6/23/2019,LAA,@STL,9,PH,1,1,0,0,0,0,0,0,0
6/22/2019,LAA,@STL,9,PH,1,0,0,0,0,0,0,0,0
6/21/2019,LAA,@STL,8,PH,1,0,0,0,0,0,0,0,0
6/20/2019,LAA,@TOR,9,PH,1,0,0,0,0,0,0,0,0
6/19/2019,LAA,@TOR,3,DH,6,2,1,0,0,0,0,1,0
6/18/2019,LAA,@TOR,3,DH,4,0,0,0,0,0,0,0,0
6/17/2019,LAA,@TOR,3,DH,5,2,1,0,1,1,3,0,0
6/16/2019,LAA,@TBR,3,DH,5,2,0,0,0,1,0,0,0
6/15/2019,LAA,@TBR,3,DH,4,0,0,0,0,0,0,0,0
6/14/2019,LAA,@TBR,3,DH,5,1,0,0,0,1,1,1,0
6/13/2019,LAA,@TBR,3,DH,4,4,1,1,1,2,3,0,0
6/11/2019,LAA,LAD,3,DH,4,2,0,0,1,1,1,1,0
6/10/2019,LAA,LAD,4,PH-DH,1,0,0,0,0,1,0,0,0
6/9/2019,LAA,SEA,3,DH,4,0,0,0,0,0,0,0,0
6/8/2019,LAA,SEA,3,DH,5,3,1,0,1,3,2,0,0
6/7/2019,LAA,SEA,3,DH,4,0,0,0,0,0,0,0,0
6/6/2019,LAA,OAK,3,DH,4,1,0,0,0,1,0,0,0
6/5/2019,LAA,OAK,3,DH,5,2,0,0,1,2,4,0,0
6/4/2019,LAA,OAK,3,DH,4,2,0,0,1,1,2,0,0
6/2/2019,LAA,@SEA,3,DH,6,0,0,0,0,0,1,0,0
6/1/2019,LAA,@SEA,3,DH,5,0,0,0,0,0,0,0,0
5/31/2019,LAA,@SEA,3,DH,4,2,0,0,1,1,2,0,0
5/29/2019,LAA,@OAK,3,DH,7,1,0,0,0,1,0,0,0
5/28/2019,LAA,@OAK,3,DH,5,2,0,0,0,0,2,0,0
5/27/2019,LAA,@OAK,3,DH,4,1,0,0,0,0,0,0,1
5/26/2019,LAA,TEX,3,DH,4,0,0,0,0,0,1,0,0
5/25/2019,LAA,TEX,3,DH,4,1,0,0,0,0,0,0,0
5/24/2019,LAA,TEX,3,DH,4,0,0,0,0,0,0,0,0
5/21/2019,LAA,MIN,3,DH,4,1,0,0,0,0,0,0,0
5/20/2019,LAA,MIN,3,DH,4,0,0,0,0,0,0,0,0
5/19/2019,LAA,KCR,3,DH,4,0,0,0,0,0,0,0,0
5/18/2019,LAA,KCR,3,DH,4,1,0,0,1,1,2,0,0
5/17/2019,LAA,KCR,3,DH,4,1,0,0,0,0,0,0,0
5/15/2019,LAA,@MIN,3,DH,6,1,0,0,0,1,0,0,0
5/14/2019,LAA,@MIN,3,DH,4,3,0,0,0,0,1,0,0
5/13/2019,LAA,@MIN,3,DH,5,2,0,0,1,1,2,0,0
5/11/2019,LAA,@BAL,3,DH,5,2,0,0,0,1,1,0,0
5/10/2019,LAA,@BAL,3,DH,5,0,0,0,0,0,0,0,0
5/9/2019,LAA,@DET,3,DH,5,2,0,0,0,0,1,0,0
5/8/2019,LAA,@DET,3,DH,4,0,0,0,0,0,0,0,0
5/7/2019,LAA,@DET,3,DH,5,0,0,0,0,0,1,0,0
9/30/2018,LAA,OAK,3,DH,4,1,0,0,0,1,0,0,0
9/29/2018,LAA,OAK,4,DH,4,0,0,0,0,0,0,0,0
9/28/2018,LAA,OAK,4,DH,4,3,1,0,0,1,2,1,0
9/26/2018,LAA,TEX,4,DH,4,2,0,0,1,1,2,0,0
9/25/2018,LAA,TEX,4,DH,4,1,0,0,0,1,1,0,0
9/24/2018,LAA,TEX,3,DH,5,1,0,0,1,1,1,0,0
9/23/2018,LAA,@HOU,3,DH,4,0,0,0,0,0,0,0,0
9/22/2018,LAA,@HOU,4,DH,4,1,0,0,0,1,0,0,0
9/21/2018,LAA,@HOU,4,DH,4,0,0,0,0,0,0,0,0
9/20/2018,LAA,@OAK,4,DH,3,0,0,0,0,0,0,0,0
9/19/2018,LAA,@OAK,4,DH,3,1,0,0,0,0,0,0,0
9/18/2018,LAA,@OAK,5,DH,4,1,0,0,0,1,0,0,0
9/16/2018,LAA,SEA,3,DH,4,0,0,0,0,1,0,0,1
9/15/2018,LAA,SEA,4,DH,4,2,0,0,1,1,1,0,0
9/14/2018,LAA,SEA,4,DH,4,0,0,0,0,0,0,0,0
9/13/2018,LAA,SEA,4,DH,4,1,1,0,0,0,0,0,0
9/12/2018,LAA,TEX,4,DH,4,2,1,0,0,1,0,0,0
9/11/2018,LAA,TEX,4,DH,3,0,0,0,0,0,0,0,0
9/10/2018,LAA,TEX,5,DH,4,2,1,0,0,1,1,1,0
9/9/2018,LAA,@CHW,4,DH,4,1,1,0,0,0,0,0,1
9/8/2018,LAA,@CHW,4,DH,5,2,0,1,0,2,3,1,1
9/7/2018,LAA,@CHW,5,DH,5,1,0,0,1,1,3,0,0
9/5/2018,LAA,@TEX,3,DH,5,4,0,0,2,4,3,1,0
9/4/2018,LAA,@TEX,2,DH,4,1,0,0,1,1,1,0,0
9/2/2018,LAA,@HOU,0,P,0,0,0,0,0,0,0,0,0
8/31/2018,LAA,@HOU,6,DH,4,1,0,0,0,0,0,0,0
8/30/2018,LAA,@HOU,5,DH,4,1,0,0,0,2,0,0,0
8/28/2018,LAA,COL,7,PH,1,0,0,0,0,0,0,0,0
8/27/2018,LAA,COL,4,DH,5,2,0,0,1,2,3,0,0
8/26/2018,LAA,HOU,7,PH,1,0,0,0,0,0,0,0,0
8/25/2018,LAA,HOU,4,DH,4,2,1,0,1,1,2,0,1
8/24/2018,LAA,HOU,6,PH,1,0,0,0,0,0,0,0,0
8/22/2018,LAA,@ARI,9,PH,1,1,0,0,0,0,0,0,0
8/21/2018,LAA,@ARI,5,PH,1,0,0,0,0,0,0,0,0
8/19/2018,LAA,@TEX,3,DH,4,1,1,0,0,1,0,0,0
8/18/2018,LAA,@TEX,6,PH,1,1,0,0,1,1,3,0,0
8/17/2018,LAA,@TEX,4,DH,4,0,0,0,0,0,0,0,0
8/16/2018,LAA,@TEX,4,DH,4,1,0,0,0,1,1,0,0
8/15/2018,LAA,@SDP,9,PH,1,0,0,0,0,0,0,0,0
8/14/2018,LAA,@SDP,9,PH,1,0,0,0,0,0,0,1,0
8/13/2018,LAA,@SDP,9,PH,1,0,0,0,0,1,0,0,0
8/12/2018,LAA,OAK,3,DH,5,1,0,0,0,0,2,0,0
8/11/2018,LAA,OAK,3,DH,4,1,0,0,0,0,0,0,0
8/7/2018,LAA,DET,3,DH,5,2,0,0,1,2,3,1,0
8/6/2018,LAA,DET,5,DH,4,0,0,0,0,0,0,1,0
8/5/2018,LAA,@CLE,3,DH,5,2,1,0,0,0,1,0,0
8/4/2018,LAA,@CLE,3,DH,4,0,0,0,0,0,0,0,0
8/3/2018,LAA,@CLE,3,DH,5,4,0,0,2,3,3,1,0
8/2/2018,LAA,@TBR,8,PH,1,0,0,0,0,0,0,0,0
7/31/2018,LAA,@TBR,2,DH,5,1,0,0,0,0,0,0,0
7/29/2018,LAA,SEA,9,PH,1,0,0,0,0,0,0,0,0
7/28/2018,LAA,SEA,2,DH,5,1,1,0,0,0,0,0,0
7/27/2018,LAA,SEA,2,DH,4,0,0,0,0,0,0,0,0
7/26/2018,LAA,CHW,2,DH,5,0,0,0,0,0,0,0,0
7/25/2018,LAA,CHW,2,DH,5,1,0,0,1,1,2,0,0
7/24/2018,LAA,CHW,7,PH,1,0,0,0,0,0,0,0,0
7/23/2018,LAA,CHW,6,DH,4,1,0,0,1,1,1,0,0
7/22/2018,LAA,HOU,5,DH,5,1,0,0,0,2,0,0,0
7/21/2018,LAA,HOU,5,DH,4,2,2,0,0,0,0,0,0
7/20/2018,LAA,HOU,5,DH,3,0,0,0,0,0,0,0,0
7/15/2018,LAA,@LAD,9,PH,1,0,0,0,0,0,0,0,0
7/14/2018,LAA,@LAD,9,PH,1,0,0,0,0,0,0,0,0
7/13/2018,LAA,@LAD,7,PH,1,1,1,0,0,0,0,0,0
7/11/2018,LAA,SEA,1,PH,1,0,0,0,0,0,0,0,0
7/10/2018,LAA,SEA,6,DH,5,2,0,0,0,1,1,0,0
7/8/2018,LAA,LAD,7,PH,1,1,0,0,1,1,1,0,0
7/7/2018,LAA,LAD,6,DH,4,0,0,0,0,0,0,0,0
7/6/2018,LAA,LAD,6,DH,4,0,0,0,0,1,0,1,0
7/5/2018,LAA,@SEA,8,PH,1,0,0,0,0,0,0,0,0
7/4/2018,LAA,@SEA,6,DH,5,2,1,0,0,2,0,0,0
7/3/2018,LAA,@SEA,6,DH,4,0,0,0,0,0,0,0,0
6/6/2018,LAA,KCR,0,P,0,0,0,0,0,0,0,0,0
6/4/2018,LAA,KCR,9,PH,1,1,0,0,0,1,0,0,0
6/3/2018,LAA,TEX,5,DH,3,1,0,0,0,1,0,0,0
6/2/2018,LAA,TEX,6,DH,4,0,0,0,0,0,0,0,0
6/1/2018,LAA,TEX,5,DH,4,1,1,0,0,0,0,0,0
5/30/2018,LAA,@DET,0,P,0,0,0,0,0,0,0,0,0
5/27/2018,LAA,@NYY,4,DH,4,0,0,0,0,0,0,0,0
5/26/2018,LAA,@NYY,5,DH,5,0,0,0,0,0,1,0,0
5/25/2018,LAA,@NYY,5,DH,4,0,0,0,0,0,0,0,0
5/24/2018,LAA,@TOR,5,DH,5,2,2,0,0,2,0,0,0
5/23/2018,LAA,@TOR,5,DH,5,1,0,0,0,1,2,1,0
5/22/2018,LAA,@TOR,5,DH,4,0,0,0,0,0,0,0,0
5/20/2018,LAA,TBR,0,P,0,0,0,0,0,0,0,0,0
5/18/2018,LAA,TBR,5,DH,4,1,1,0,0,0,0,0,0
5/17/2018,LAA,TBR,5,DH,4,1,0,0,1,1,1,0,0
5/16/2018,LAA,HOU,2,DH,4,0,0,0,0,0,0,0,0
5/15/2018,LAA,HOU,2,DH,4,1,0,0,0,0,0,0,0
5/13/2018,LAA,MIN,0,P,0,0,0,0,0,0,0,0,0
5/11/2018,LAA,MIN,4,DH,4,1,0,0,0,0,0,0,0
5/10/2018,LAA,MIN,5,DH,4,2,1,0,1,1,2,0,0
5/9/2018,LAA,@COL,7,PH,1,1,0,0,0,0,0,0,0
5/8/2018,LAA,@COL,7,PH,1,0,0,0,0,0,0,0,0
5/6/2018,LAA,@SEA,0,P,0,0,0,0,0,0,0,0,0
5/4/2018,LAA,@SEA,5,DH,5,2,1,0,0,1,1,0,0
5/3/2018,LAA,BAL,5,DH,4,2,0,0,0,2,1,0,0
5/2/2018,LAA,BAL,5,DH,4,0,0,0,0,1,0,0,0
5/1/2018,LAA,BAL,5,DH,4,1,1,0,0,0,0,0,0
4/27/2018,LAA,NYY,5,DH,2,1,0,0,1,1,1,0,0
4/24/2018,LAA,@HOU,0,P,0,0,0,0,0,0,0,0,0
4/22/2018,LAA,SFG,4,DH,4,1,0,0,0,0,0,0,0
4/20/2018,LAA,SFG,6,DH,4,2,0,0,0,0,0,0,0
4/19/2018,LAA,BOS,6,DH,4,0,0,0,0,0,0,0,0
4/17/2018,LAA,BOS,0,P,0,0,0,0,0,0,0,0,0
4/13/2018,LAA,@KCR,7,DH,4,2,1,0,0,1,0,0,0
4/12/2018,LAA,@KCR,8,DH,5,1,0,1,0,0,3,0,0
4/11/2018,LAA,@TEX,8,DH,4,1,0,0,0,0,1,0,0
4/10/2018,LAA,@TEX,1,PH,1,0,0,0,0,0,0,0,0
4/8/2018,LAA,OAK,0,P,0,0,0,0,0,0,0,0,0
4/6/2018,LAA,OAK,8,DH,5,1,0,0,1,1,2,0,0
4/4/2018,LAA,CLE,8,DH,5,2,0,0,1,1,2,0,0
4/3/2018,LAA,CLE,8,DH,4,3,0,0,1,2,3,0,0
4/1/2018,LAA,@OAK,0,P,0,0,0,0,0,0,0,0,0
3/29/2018,LAA,@OAK,8,DH,5,1,0,0,0,0,0,0,0
