price,mileage,trim,location
19000,20588,base,ATLANTA
18000,21816,base,CHARLOTTE
22350,22465,se,ATLANTA
22500,22775,lx,AUGUSTA
19100,22981,base,ATLANTA
21950,23504,lx,AUGUSTA
20450,24664,lx,COLUMBIA
19050,25105,base,JACKSONVILLE
20700,25433,lx,ATLANTA
18450,26107,base,ATLANTA
17950,26335,base,JACKSONVILLE
20950,26875,lx,COLUMBIA
22650,27012,se,JACKSONVILLE
21850,27140,se,CHARLOTTE
18100,27203,base,COLUMBIA
22200,27245,se,COLUMBIA
21800,27370,lx,COLUMBIA
21700,27534,se,ATLANTA
18550,27778,base,CHARLOTTE
18250,28491,base,ATLANTA
18600,29162,base,AUGUSTA
21650,29440,se,JACKSONVILLE
21450,30102,se,COLUMBIA
19750,30249,lx,JACKSONVILLE
22050,30393,se,AUGUSTA
18050,31180,base,COLUMBIA
17350,31183,base,CHARLOTTE
16600,32185,base,COLUMBIA
18600,32343,lx,JACKSONVILLE
20400,32855,lx,ATLANTA
19950,32901,lx,ATLANTA
19300,33218,lx,AUGUSTA
17900,33297,base,ATLANTA
17450,33358,base,COLUMBIA
18250,34604,base,ATLANTA
19950,35157,lx,JACKSONVILLE
21600,35571,se,AUGUSTA
19750,35992,se,JACKSONVILLE
17250,36117,base,COLUMBIA
21200,37166,se,ATLANTA
22050,38152,se,ATLANTA
19650,38179,se,ATLANTA
19100,38715,lx,JACKSONVILLE
20550,39101,lx,JACKSONVILLE
18150,39164,lx,JACKSONVILLE
20450,39638,se,ATLANTA
15300,42124,base,CHARLOTTE
18800,42141,se,JACKSONVILLE
19700,42170,lx,JACKSONVILLE
20550,42510,se,JACKSONVILLE
15000,43066,base,AUGUSTA
16350,43487,base,AUGUSTA
14950,44121,base,ATLANTA
18650,44316,se,AUGUSTA
17950,44989,base,JACKSONVILLE
15850,45697,base,CHARLOTTE
16450,46066,base,AUGUSTA
18600,46416,lx,AUGUSTA
16650,46743,base,AUGUSTA
18900,47115,se,COLUMBIA
19500,47407,se,JACKSONVILLE
16250,47800,base,COLUMBIA
19050,48362,lx,CHARLOTTE
16650,48945,base,ATLANTA
13300,49112,base,CHARLOTTE
15650,49331,base,AUGUSTA
19500,49637,se,CHARLOTTE
19850,49664,lx,ATLANTA
14900,50482,base,AUGUSTA
20300,50998,se,ATLANTA
15700,52193,base,CHARLOTTE
15250,52511,base,AUGUSTA
18350,52682,lx,ATLANTA
14800,52735,base,COLUMBIA
17400,52868,lx,CHARLOTTE
20600,53437,se,ATLANTA
20000,54641,se,AUGUSTA
15000,54745,base,COLUMBIA
20100,54817,se,ATLANTA
16200,54937,base,ATLANTA
19400,54972,se,COLUMBIA
18750,55110,se,ATLANTA
12800,55169,base,COLUMBIA
16950,55473,lx,AUGUSTA
14550,55655,base,CHARLOTTE
17700,55692,lx,ATLANTA
18650,56031,lx,ATLANTA
15400,56037,base,AUGUSTA
18600,56713,se,CHARLOTTE
12500,56950,base,ATLANTA
14250,57035,base,JACKSONVILLE
17600,57338,lx,AUGUSTA
18550,57564,se,COLUMBIA
16200,57688,se,ATLANTA
14950,57725,base,AUGUSTA
13300,58056,base,JACKSONVILLE
16800,59650,lx,COLUMBIA
14350,59786,base,COLUMBIA
14100,59823,base,COLUMBIA
17500,60028,lx,AUGUSTA
19750,60084,se,AUGUSTA
14900,60401,base,COLUMBIA
17700,60449,lx,COLUMBIA
17800,61058,se,ATLANTA
15150,62118,lx,CHARLOTTE
13600,63634,base,CHARLOTTE
15000,63726,base,JACKSONVILLE
17700,64286,lx,AUGUSTA
13300,64367,base,CHARLOTTE
13300,64452,base,AUGUSTA
12100,64563,base,AUGUSTA
15650,64737,lx,JACKSONVILLE
16700,65160,se,COLUMBIA
18000,65219,se,ATLANTA
13300,65230,base,JACKSONVILLE
15950,65499,lx,ATLANTA
17250,65968,lx,CHARLOTTE
15150,68227,lx,JACKSONVILLE
17150,68576,se,CHARLOTTE
17450,70381,se,CHARLOTTE
15050,70423,base,AUGUSTA
12600,70533,base,JACKSONVILLE
13850,70778,base,ATLANTA
13050,70941,base,COLUMBIA
15950,71509,lx,AUGUSTA
14100,72354,lx,AUGUSTA
12250,72366,base,AUGUSTA
16550,72953,lx,AUGUSTA
16700,73145,se,COLUMBIA
15500,73188,lx,COLUMBIA
14150,73472,lx,JACKSONVILLE
14550,73585,lx,CHARLOTTE
14600,74234,lx,CHARLOTTE
15450,74600,se,ATLANTA
16700,74644,se,JACKSONVILLE
16150,74696,se,JACKSONVILLE
13050,74918,base,JACKSONVILLE
11650,75706,base,JACKSONVILLE
13600,75742,lx,CHARLOTTE
12200,75790,base,ATLANTA
15750,76021,lx,AUGUSTA
17350,76042,se,AUGUSTA
15150,76413,lx,JACKSONVILLE
10800,77365,base,ATLANTA
12600,77398,base,JACKSONVILLE
14050,77789,lx,JACKSONVILLE
13200,78860,base,AUGUSTA
14050,79470,lx,JACKSONVILLE
16900,79581,se,COLUMBIA
13950,80647,lx,CHARLOTTE
16450,80792,se,ATLANTA
13000,80891,lx,CHARLOTTE
14550,81200,lx,ATLANTA
14150,81428,lx,JACKSONVILLE
11550,81724,base,JACKSONVILLE
14150,81917,lx,CHARLOTTE
11500,82271,base,ATLANTA
11850,82429,base,CHARLOTTE
13550,82459,lx,AUGUSTA
12750,82526,base,ATLANTA
13850,82712,lx,CHARLOTTE
14850,82885,se,COLUMBIA
11550,82954,base,JACKSONVILLE
14500,83593,se,ATLANTA
10250,83655,base,JACKSONVILLE
10600,83748,base,JACKSONVILLE
10550,84381,base,COLUMBIA
11850,84392,lx,CHARLOTTE
12750,85122,base,JACKSONVILLE
10300,85734,base,JACKSONVILLE
10500,85821,base,ATLANTA
14400,86211,lx,ATLANTA
10000,86581,base,CHARLOTTE
11850,86615,base,ATLANTA
14900,86619,se,ATLANTA
13300,87180,lx,CHARLOTTE
10700,87336,base,JACKSONVILLE
12800,88273,se,CHARLOTTE
10000,88407,base,ATLANTA
12850,88454,lx,COLUMBIA
16050,88664,se,COLUMBIA
11100,88688,lx,JACKSONVILLE
14200,91032,lx,JACKSONVILLE
11950,91450,lx,COLUMBIA
10000,91847,base,COLUMBIA
13750,92050,se,CHARLOTTE
14900,92443,se,CHARLOTTE
12650,93413,lx,COLUMBIA
10000,93803,base,CHARLOTTE
13150,94142,lx,COLUMBIA
10600,95045,base,JACKSONVILLE
13800,95225,se,JACKSONVILLE
13500,96776,se,COLUMBIA
12750,96952,lx,CHARLOTTE
10100,97401,base,ATLANTA
10000,97656,base,COLUMBIA
10000,98050,base,CHARLOTTE
11950,98620,se,CHARLOTTE
11950,99414,lx,ATLANTA
10050,99689,base,CHARLOTTE
